"ExhTitle","StartDate","EndDate","DisplayName","Nationality","ExhibitionLength","StartYear","count","LifetimeExhibitionLength","Rank","Movement"
"Painting and Sculpture by Living Americans",1930-12-03,1931-01-20,"Alexander Calder","American",48,1930,1,5954,25,"Kinetic Art"
"Modern Works of Art: 5th Anniversary Exhibition",1934-11-19,1935-01-20,"Alexander Calder","American",62,1934,1,5954,25,"Kinetic Art"
"Cubism and Abstract Art",1936-03-02,1936-04-19,"Alexander Calder","American",48,1936,3,5954,25,"Kinetic Art"
"Three Centuries of American Art",1938-05-24,1938-07-31,"Alexander Calder","American",68,1938,1,5954,25,"Kinetic Art"
"Painting, Sculpture, Prints",1939-05-10,1939-09-30,"Alexander Calder","American",143,1939,1,5954,25,"Kinetic Art"
"Painting and Sculpture from the Museum Collection",1940-10-23,1941-01-12,"Alexander Calder","American",81,1940,2,5954,25,"Kinetic Art"
"New Acquisitions: American Painting and Sculpture",1941-03-10,1941-05-03,"Alexander Calder","American",54,1941,3,5954,25,"Kinetic Art"
"Children's Festival of Modern Art",1942-03-11,1942-05-10,"Alexander Calder","American",60,1942,2,5954,25,"Kinetic Art"
"Alexander Calder",1943-09-29,1944-01-16,"Alexander Calder","American",109,1943,1,5954,25,"Kinetic Art"
"Modern Drawings",1944-02-16,1944-05-10,"Alexander Calder","American",84,1944,3,5954,25,"Kinetic Art"
"Recent Acquisitions",1945-02-15,1945-03-18,"Alexander Calder","American",31,1945,3,5954,25,"Kinetic Art"
"The Museum Collection of Sculpture",1946-02-19,1946-05-05,"Alexander Calder","American",75,1946,4,5954,25,"Kinetic Art"
"Timeless Aspects of Modern Art",1948-11-16,1949-01-23,"Alexander Calder","American",68,1948,1,5954,25,"Kinetic Art"
"Painting and Sculpture in Architecture",1949-08-03,1949-10-02,"Alexander Calder","American",60,1949,2,5954,25,"Kinetic Art"
"Abstract Painting and Sculpture in America",1951-01-23,1951-03-25,"Alexander Calder","American",61,1951,1,5954,25,"Kinetic Art"
"Posters by Painters and Sculptors",1952-03-04,1952-05-11,"Alexander Calder","American",68,1952,2,5954,25,"Kinetic Art"
"International Sculpture Competition: The Unknown Political Prisoner",1953-01-27,1953-02-08,"Alexander Calder","American",12,1953,2,5954,25,"Kinetic Art"
"Selections from the Art Lending Service",1955-10-05,1955-10-24,"Alexander Calder","American",19,1955,1,5954,25,"Kinetic Art"
"Children's Holiday Carnival",1956-12-10,1957-01-13,"Alexander Calder","American",34,1956,1,5954,25,"Kinetic Art"
"Children's Holiday Carnival",1957-12-09,1958-01-12,"Alexander Calder","American",34,1957,1,5954,25,"Kinetic Art"
"Recent Sculpture U.S.A.",1959-05-13,1959-08-16,"Alexander Calder","American",95,1959,1,5954,25,"Kinetic Art"
"Art Lending Service Retrospective",1960-01-27,1960-03-20,"Alexander Calder","American",53,1960,2,5954,25,"Kinetic Art"
"Painting and Sculpture from the James Thrall Soby Collection",1961-02-01,1961-03-04,"Alexander Calder","American",31,1961,1,5954,25,"Kinetic Art"
"Painting and Sculpture from the Museum Collection",1964-05-27,NA,"Alexander Calder","American",NA,1964,1,5954,25,"Kinetic Art"
"Recent Acquisitions: Painting and Sculpture",1965-02-16,1965-04-25,"Alexander Calder","American",68,1965,3,5954,25,"Kinetic Art"
"Drawings from the Museum Collection",1966-10-31,1967-05-08,"Alexander Calder","American",189,1966,2,5954,25,"Kinetic Art"
"Calder: 19 Gifts from the Artist",1967-02-01,1967-09-04,"Alexander Calder","American",215,1967,3,5954,25,"Kinetic Art"
"Five Sculptures from the Museum Collection",1968-01-08,1968-03-03,"Alexander Calder","American",55,1968,3,5954,25,"Kinetic Art"
"Twentieth-Century Art from the Nelson Aldrich Rockefeller Collection",1969-05-28,1969-09-01,"Alexander Calder","American",96,1969,2,5954,25,"Kinetic Art"
"Mrs. Simon Guggenheim, 1877–1970: In Memoriam",1970-02-25,1970-03-17,"Alexander Calder","American",20,1970,1,5954,25,"Kinetic Art"
"A Selection of Drawings and Watercolors from the Museum Collection",1971-05-11,1971-10-19,"Alexander Calder","American",161,1971,2,5954,25,"Kinetic Art"
"Recent Acquisitions, 1968–1973",1973-06-15,1973-09-25,"Alexander Calder","American",102,1973,1,5954,25,"Kinetic Art"
"Seurat to Matisse: Drawing in France",1974-06-13,1974-09-08,"Alexander Calder","American",87,1974,2,5954,25,"Kinetic Art"
"Prints by Sculptors",1975-05-21,1975-09-01,"Alexander Calder","American",103,1975,2,5954,25,"Kinetic Art"
"Between World Wars: Drawing in Europe and America",1976-08-20,1976-11-14,"Alexander Calder","American",86,1976,3,5954,25,"Kinetic Art"
"Posters by Painters",1977-01-21,1977-03-23,"Alexander Calder","American",61,1977,2,5954,25,"Kinetic Art"
"Thirty Sculptors' Drawings",1979-05-18,1979-06-06,"Alexander Calder","American",19,1979,3,5954,25,"Kinetic Art"
"Selections from the Permanent Collection: Painting and Sculpture",1984-05-17,NA,"Alexander Calder","American",NA,1984,1,5954,25,"Kinetic Art"
"Contemporary Works from the Collection",1985-11-21,1986-04-01,"Alexander Calder","American",131,1985,2,5954,25,"Kinetic Art"
"Sculptors' Drawings",1986-04-26,1986-09-02,"Alexander Calder","American",129,1986,2,5954,25,"Kinetic Art"
"Surrealist Prints from the Collection of The Museum of Modern Art",1987-08-06,1987-12-08,"Alexander Calder","American",124,1987,2,5954,25,"Kinetic Art"
"Abstractions",1988-11-17,1989-03-26,"Alexander Calder","American",129,1988,1,5954,25,"Kinetic Art"
"Painting in Paris",1930-01-19,1930-03-02,"André Derain","French",42,1930,2,6600,12,"Fauvism"
"Memorial Exhibition: The Collection of the Late Lillie P. Bliss",1931-05-17,1931-10-06,"André Derain","French",142,1931,1,6600,12,"Fauvism"
"Summer Exhibition: Painting and Sculpture",1932-06-07,1932-10-30,"André Derain","French",145,1932,2,6600,12,"Fauvism"
"Fruit and Flower Paintings",1933-05-13,1933-05-31,"André Derain","French",18,1933,4,6600,12,"Fauvism"
"International Exhibition of Theatre Art",1934-01-15,1934-02-25,"André Derain","French",41,1934,5,6600,12,"Fauvism"
"Summer Exhibition: The Museum Collection and a Private Collection on Loan",1935-06-04,1935-09-24,"André Derain","French",112,1935,1,6600,12,"Fauvism"
"New Acquisitions: The Collection of Mrs. John D. Rockefeller, Jr.",1936-01-14,1936-02-16,"André Derain","French",33,1936,4,6600,12,"Fauvism"
"Painting, Sculpture, Prints",1939-05-10,1939-09-30,"André Derain","French",143,1939,1,6600,12,"Fauvism"
"Paintings and Sculpture from the Museum Collection",1940-01-12,1940-03-03,"André Derain","French",51,1940,4,6600,12,"Fauvism"
"New Acquisitions: A Gift of Paintings from a Trustee",1941-05-06,1941-10-15,"André Derain","French",162,1941,4,6600,12,"Fauvism"
"Recent Acquisitions: Painting and Sculpture",1942-09-30,1942-12-10,"André Derain","French",71,1942,2,6600,12,"Fauvism"
"Modern Drawings",1944-02-16,1944-05-10,"André Derain","French",84,1944,3,6600,12,"Fauvism"
"The Museum Collection of Painting and Sculpture",1945-06-20,1946-02-13,"André Derain","French",238,1945,1,6600,12,"Fauvism"
"The Museum Collection of Painting",1946-02-19,1946-05-05,"André Derain","French",75,1946,2,6600,12,"Fauvism"
"Drawings in the Collection of The Museum of Modern Art",1947-04-15,1947-06-01,"André Derain","French",47,1947,1,6600,12,"Fauvism"
"New Acquisitions",1948-01-13,1948-03-21,"André Derain","French",68,1948,2,6600,12,"Fauvism"
"Master Prints from the Museum Collection",1949-05-10,1949-07-10,"André Derain","French",61,1949,2,6600,12,"Fauvism"
"Selections from 5 New York Private Collections",1951-06-26,1951-09-09,"André Derain","French",75,1951,2,6600,12,"Fauvism"
"Recent Acquisitions",1952-05-06,1952-06-08,"André Derain","French",33,1952,2,6600,12,"Fauvism"
"Summer Exhibition: New Acquisitions; Recent American Prints, 1947–1953; Katherine S. Dreier Bequest; Kuniyoshi and Spencer; Expressionism in Germany; Varieties of Realism",1953-06-23,1953-10-04,"André Derain","French",103,1953,1,6600,12,"Fauvism"
"XXVth Anniversary Exhibition: Paintings from the Museum Collection",1954-10-19,1955-02-06,"André Derain","French",110,1954,1,6600,12,"Fauvism"
"Painting and Sculpture from the Museum Collection: New Acquisitions",1955-03-05,1955-04-24,"André Derain","French",50,1955,2,6600,12,"Fauvism"
"Philip L. Goodwin Collection",1958-10-08,1958-11-09,"André Derain","French",32,1958,1,6600,12,"Fauvism"
"Drawings, Watercolors, Collages: New Acquisitions",1959-07-15,1959-10-15,"André Derain","French",92,1959,1,6600,12,"Fauvism"
"Selections from the Art Lending Service",1960-03-24,1960-04-17,"André Derain","French",24,1960,2,6600,12,"Fauvism"
"André Derain in the Museum Collection",1963-06-28,1963-09-30,"André Derain","French",94,1963,1,6600,12,"Fauvism"
"Painting and Sculpture from the Museum Collection",1964-05-27,NA,"André Derain","French",NA,1964,2,6600,12,"Fauvism"
"Recent Acquisitions: Painting and Sculpture",1966-04-06,1966-06-12,"André Derain","French",67,1966,2,6600,12,"Fauvism"
"The Artist as His Subject",1967-04-28,1967-04-30,"André Derain","French",2,1967,1,6600,12,"Fauvism"
"Recent Acquisitions: Painting and Sculpture",1968-06-18,1968-08-25,"André Derain","French",68,1968,1,6600,12,"Fauvism"
"The Nude: Thirty 20th-Century Drawings",1970-11-10,1971-04-21,"André Derain","French",162,1970,1,6600,12,"Fauvism"
"Ways of Looking",1971-07-28,1971-11-01,"André Derain","French",96,1971,1,6600,12,"Fauvism"
"European Drawings from the Collection",1972-06-27,1972-10-10,"André Derain","French",105,1972,2,6600,12,"Fauvism"
"Seurat to Matisse: Drawing in France",1974-06-13,1974-09-08,"André Derain","French",87,1974,2,6600,12,"Fauvism"
"In the Twenties",1975-03-21,1975-06-15,"André Derain","French",86,1975,1,6600,12,"Fauvism"
"Cubism and Its Affinities",1976-02-09,1976-05-09,"André Derain","French",90,1976,4,6600,12,"Fauvism"
"Impresario: Ambroise Vollard",1977-06-06,1977-09-06,"André Derain","French",92,1977,1,6600,12,"Fauvism"
"A Treasury of Modern Drawing: The Joan and Lester Avnet Collection",1978-04-28,1978-07-04,"André Derain","French",67,1978,1,6600,12,"Fauvism"
"Gifts of Drawing",1979-08-09,1979-11-13,"André Derain","French",96,1979,2,6600,12,"Fauvism"
"A Century of Modern Drawing, 1881–1981",1982-03-01,1982-03-16,"André Derain","French",15,1982,1,6600,12,"Fauvism"
"Prints from Blocks: Gauguin to Now",1983-03-03,1983-05-15,"André Derain","French",73,1983,2,6600,12,"Fauvism"
"Selections from the Permanent Collection: Drawings",1984-05-17,NA,"André Derain","French",NA,1984,1,6600,12,"Fauvism"
"The Expressionist Idiom",1985-05-06,1985-12-18,"André Derain","French",226,1985,1,6600,12,"Fauvism"
"Naked/Nude",1986-05-29,1986-09-30,"André Derain","French",124,1986,1,6600,12,"Fauvism"
"Master Prints from the Collection",1987-11-20,1988-03-08,"André Derain","French",109,1987,1,6600,12,"Fauvism"
"Watercolors: Selections from the Permanent Collection",1989-03-16,1989-07-04,"André Derain","French",110,1989,2,6600,12,"Fauvism"
"German Painting and Sculpture",1931-03-12,1931-04-22,"Ernst Ludwig Kirchner","German",41,1931,1,6244,17,"Die Brucke"
"Painting, Sculpture, Prints",1939-05-10,1939-09-30,"Ernst Ludwig Kirchner","German",143,1939,1,6244,17,"Die Brucke"
"Painting and Sculpture from the Museum Collection",1940-10-23,1941-01-12,"Ernst Ludwig Kirchner","German",81,1940,1,6244,17,"Die Brucke"
"Twentieth Century Portraits",1942-12-09,1943-01-24,"Ernst Ludwig Kirchner","German",46,1942,2,6244,17,"Die Brucke"
"Modern Drawings",1944-02-16,1944-05-10,"Ernst Ludwig Kirchner","German",84,1944,3,6244,17,"Die Brucke"
"The Museum Collection of Painting and Sculpture",1945-06-20,1946-02-13,"Ernst Ludwig Kirchner","German",238,1945,1,6244,17,"Die Brucke"
"Recent Acquisitions in Painting and Sculpture",1946-02-06,1946-02-24,"Ernst Ludwig Kirchner","German",18,1946,3,6244,17,"Die Brucke"
"Drawings in the Collection of The Museum of Modern Art",1947-04-15,1947-06-01,"Ernst Ludwig Kirchner","German",47,1947,1,6244,17,"Die Brucke"
"Portraits in Prints",1948-06-01,1948-09-06,"Ernst Ludwig Kirchner","German",97,1948,1,6244,17,"Die Brucke"
"Master Prints from the Museum Collection",1949-05-10,1949-07-10,"Ernst Ludwig Kirchner","German",61,1949,2,6244,17,"Die Brucke"
"Painting and Sculpture from the Museum Collection",1950-08-29,1950-10-15,"Ernst Ludwig Kirchner","German",47,1950,1,6244,17,"Die Brucke"
"Recent Acquisitions",1951-02-13,1951-05-13,"Ernst Ludwig Kirchner","German",89,1951,1,6244,17,"Die Brucke"
"Summer Exhibition: New Acquisitions; Recent American Prints, 1947–1953; Katherine S. Dreier Bequest; Kuniyoshi and Spencer; Expressionism in Germany; Varieties of Realism",1953-06-23,1953-10-04,"Ernst Ludwig Kirchner","German",103,1953,1,6244,17,"Die Brucke"
"XXVth Anniversary Exhibition: Paintings from the Museum Collection",1954-10-19,1955-02-06,"Ernst Ludwig Kirchner","German",110,1954,2,6244,17,"Die Brucke"
"Prints from Europe and Japan; Etchings by Matisse",1955-05-04,1955-05-31,"Ernst Ludwig Kirchner","German",27,1955,2,6244,17,"Die Brucke"
"Recent European Acquisitions",1956-11-28,1957-01-20,"Ernst Ludwig Kirchner","German",53,1956,1,6244,17,"Die Brucke"
"German Art of the 20th Century",1957-10-02,1957-12-01,"Ernst Ludwig Kirchner","German",60,1957,2,6244,17,"Die Brucke"
"50 Selections from the Collection of Mr. and Mrs. Walter Bareiss",1958-04-23,1958-05-18,"Ernst Ludwig Kirchner","German",25,1958,3,6244,17,"Die Brucke"
"Art Nouveau",1960-06-08,1960-09-06,"Ernst Ludwig Kirchner","German",90,1960,2,6244,17,"Die Brucke"
"Fifty Drawings: Recent Acquisitions",1962-04-10,1962-08-12,"Ernst Ludwig Kirchner","German",124,1962,1,6244,17,"Die Brucke"
"Painting and Sculpture from the Museum Collection",1964-05-27,NA,"Ernst Ludwig Kirchner","German",NA,1964,2,6244,17,"Die Brucke"
"44 Drawings: Recent Acquisitions",1965-09-06,1966-01-23,"Ernst Ludwig Kirchner","German",139,1965,1,6244,17,"Die Brucke"
"Paul J. Sachs Gallery Print Re-installation",1966-03-03,NA,"Ernst Ludwig Kirchner","German",NA,1966,3,6244,17,"Die Brucke"
"The Artist as His Subject",1967-04-28,1967-04-30,"Ernst Ludwig Kirchner","German",2,1967,3,6244,17,"Die Brucke"
"Cézanne to Miró",1968-04-23,1968-04-25,"Ernst Ludwig Kirchner","German",2,1968,1,6244,17,"Die Brucke"
"Painting and Sculpture from the Museum Collection",1969-11-05,NA,"Ernst Ludwig Kirchner","German",NA,1969,2,6244,17,"Die Brucke"
"The Nude: Thirty 20th-Century Drawings",1970-11-10,1971-04-21,"Ernst Ludwig Kirchner","German",162,1970,1,6244,17,"Die Brucke"
"Permanent Collection",1972-03-29,NA,"Ernst Ludwig Kirchner","German",NA,1972,3,6244,17,"Die Brucke"
"Works on Paper",1973-03-07,1973-06-04,"Ernst Ludwig Kirchner","German",89,1973,3,6244,17,"Die Brucke"
"German Drawing: The Expressionists",1974-08-30,1974-11-10,"Ernst Ludwig Kirchner","German",72,1974,1,6244,17,"Die Brucke"
"Points of View",1975-03-07,1975-06-08,"Ernst Ludwig Kirchner","German",93,1975,2,6244,17,"Die Brucke"
"The ""Wild Beasts"": Fauvism and Its Affinities",1976-03-26,1976-06-01,"Ernst Ludwig Kirchner","German",67,1976,2,6244,17,"Die Brucke"
"A Treasury of Modern Drawing: The Joan and Lester Avnet Collection",1978-04-28,1978-07-04,"Ernst Ludwig Kirchner","German",67,1978,2,6244,17,"Die Brucke"
"Art of the Twenties",1979-11-14,1980-01-22,"Ernst Ludwig Kirchner","German",69,1979,1,6244,17,"Die Brucke"
"Reinstallation of the Collection",1980-10-23,NA,"Ernst Ludwig Kirchner","German",NA,1980,2,6244,17,"Die Brucke"
"Masterpieces from the Collection",1982-03-08,1983-03-01,"Ernst Ludwig Kirchner","German",358,1982,1,6244,17,"Die Brucke"
"Prints from Blocks: Gauguin to Now",1983-03-03,1983-05-15,"Ernst Ludwig Kirchner","German",73,1983,1,6244,17,"Die Brucke"
"Selections from the Permanent Collection: Painting and Sculpture",1984-05-17,NA,"Ernst Ludwig Kirchner","German",NA,1984,2,6244,17,"Die Brucke"
"The Expressionist Idiom",1985-05-06,1985-12-18,"Ernst Ludwig Kirchner","German",226,1985,2,6244,17,"Die Brucke"
"Naked/Nude",1986-05-29,1986-09-30,"Ernst Ludwig Kirchner","German",124,1986,1,6244,17,"Die Brucke"
"Drawings Acquisitions",1987-01-24,1987-06-14,"Ernst Ludwig Kirchner","German",141,1987,2,6244,17,"Die Brucke"
"Recent Acquisitions",1988-11-24,1989-01-10,"Ernst Ludwig Kirchner","German",47,1988,1,6244,17,"Die Brucke"
"Master Prints from the Collection",1989-04-06,1989-08-08,"Ernst Ludwig Kirchner","German",124,1989,2,6244,17,"Die Brucke"
"German Painting and Sculpture",1931-03-12,1931-04-22,"George Grosz","American",41,1931,1,5891,26,"New Objectivity"
"New Acquisitions: Lachaise Torso; Prints",1934-07-11,1934-09-13,"George Grosz","American",64,1934,2,5891,26,"New Objectivity"
"Fantastic Art, Dada, Surrealism",1936-12-07,1937-01-17,"George Grosz","American",41,1936,1,5891,26,"New Objectivity"
"Summer Exhibition: Painting and Sculpture from the Museum Collection and on Loan",1937-06-23,1937-11-04,"George Grosz","American",134,1937,1,5891,26,"New Objectivity"
"Three Centuries of American Art",1938-05-24,1938-07-31,"George Grosz","American",68,1938,1,5891,26,"New Objectivity"
"Painting, Sculpture, Prints",1939-05-10,1939-09-30,"George Grosz","American",143,1939,1,5891,26,"New Objectivity"
"Paintings and Sculpture from the Museum Collection",1940-01-12,1940-03-03,"George Grosz","American",51,1940,1,5891,26,"New Objectivity"
"George Grosz",1941-10-08,1941-11-02,"George Grosz","American",25,1941,1,5891,26,"New Objectivity"
"The Artists' New York",1942-01-28,1942-03-02,"George Grosz","American",33,1942,2,5891,26,"New Objectivity"
"Romantic Painting in America",1943-11-17,1944-02-06,"George Grosz","American",81,1943,1,5891,26,"New Objectivity"
"Modern Drawings",1944-02-16,1944-05-10,"George Grosz","American",84,1944,2,5891,26,"New Objectivity"
"Paintings, Sculpture, and Graphic Arts from the Museum Collection",1946-07-02,NA,"George Grosz","American",NA,1946,3,5891,26,"New Objectivity"
"Drawings in the Collection of The Museum of Modern Art",1947-04-15,1947-06-01,"George Grosz","American",47,1947,1,5891,26,"New Objectivity"
"New Acquisitions",1948-01-13,1948-03-21,"George Grosz","American",68,1948,3,5891,26,"New Objectivity"
"Pictures for Children Aged 3–12 Years",1949-03-18,1949-04-17,"George Grosz","American",30,1949,2,5891,26,"New Objectivity"
"Recent Acquisitions",1950-01-31,1950-05-07,"George Grosz","American",96,1950,2,5891,26,"New Objectivity"
"Gallery Expansion and New Acquisitions",1952-12-23,NA,"George Grosz","American",NA,1952,1,5891,26,"New Objectivity"
"Summer Exhibition: New Acquisitions; Recent American Prints, 1947–1953; Katherine S. Dreier Bequest; Kuniyoshi and Spencer; Expressionism in Germany; Varieties of Realism",1953-06-23,1953-10-04,"George Grosz","American",103,1953,1,5891,26,"New Objectivity"
"Faces and Figures: Drawings from the Collection of The Museum of Modern Art",1954-04-21,1954-06-06,"George Grosz","American",46,1954,2,5891,26,"New Objectivity"
"German Art of the 20th Century",1957-10-02,1957-12-01,"George Grosz","American",60,1957,1,5891,26,"New Objectivity"
"Drawings, Watercolors, Collages: New Acquisitions",1959-07-15,1959-10-15,"George Grosz","American",92,1959,1,5891,26,"New Objectivity"
"Portraits from the Museum Collection",1960-05-04,1960-09-18,"George Grosz","American",137,1960,2,5891,26,"New Objectivity"
"America Seen: Between The Wars",1961-04-25,1961-08-07,"George Grosz","American",104,1961,2,5891,26,"New Objectivity"
"Recent Acquisitions",1962-11-20,1963-01-13,"George Grosz","American",54,1962,1,5891,26,"New Objectivity"
"Painting and Sculpture from the Museum Collection",1964-05-27,NA,"George Grosz","American",NA,1964,2,5891,26,"New Objectivity"
"John S. Newberry: A Memorial Exhibition",1965-04-13,1965-07-14,"George Grosz","American",92,1965,2,5891,26,"New Objectivity"
"Recent Acquisitions: Painting and Sculpture",1966-04-06,1966-06-12,"George Grosz","American",67,1966,3,5891,26,"New Objectivity"
"Manhattan Observed",1968-03-22,1968-07-01,"George Grosz","American",101,1968,3,5891,26,"New Objectivity"
"George Grosz: Watercolors and Drawings",1969-10-01,1969-11-16,"George Grosz","American",46,1969,2,5891,26,"New Objectivity"
"The Artist as Adversary",1971-07-01,1971-09-27,"George Grosz","American",88,1971,1,5891,26,"New Objectivity"
"Drawn in America",1972-03-01,1972-05-29,"George Grosz","American",89,1972,2,5891,26,"New Objectivity"
"Works on Paper",1973-03-07,1973-06-04,"George Grosz","American",89,1973,4,5891,26,"New Objectivity"
"German Drawing: The Expressionists",1974-08-30,1974-11-10,"George Grosz","American",72,1974,1,5891,26,"New Objectivity"
"Points of View",1975-03-07,1975-06-08,"George Grosz","American",93,1975,3,5891,26,"New Objectivity"
"Between World Wars: Drawing in Europe and America",1976-08-20,1976-11-14,"George Grosz","American",86,1976,1,5891,26,"New Objectivity"
"Artists and Writers",1978-07-10,1978-10-03,"George Grosz","American",85,1978,1,5891,26,"New Objectivity"
"Art of the Twenties",1979-11-14,1980-01-22,"George Grosz","American",69,1979,1,5891,26,"New Objectivity"
"Words and Pictures",1981-08-20,1981-10-06,"George Grosz","American",47,1981,1,5891,26,"New Objectivity"
"A Century of Modern Drawing, 1881–1981",1982-03-01,1982-03-16,"George Grosz","American",15,1982,1,5891,26,"New Objectivity"
"The Modern Drawing: 100 Works on Paper from The Museum of Modern Art",1983-10-26,1984-01-03,"George Grosz","American",69,1983,1,5891,26,"New Objectivity"
"Selections from the Permanent Collection: Drawings",1984-05-17,NA,"George Grosz","American",NA,1984,2,5891,26,"New Objectivity"
"The Expressionist Idiom",1985-05-06,1985-12-18,"George Grosz","American",226,1985,2,5891,26,"New Objectivity"
"European Drawing Between the Wars",1987-10-24,1988-03-01,"George Grosz","American",129,1987,2,5891,26,"New Objectivity"
"Collage: Selections from the Permanent Collection",1988-11-03,1989-02-28,"George Grosz","American",117,1988,1,5891,26,"New Objectivity"
"Watercolors: Selections from the Permanent Collection",1989-03-16,1989-07-04,"George Grosz","American",110,1989,3,5891,26,"New Objectivity"
"Painting in Paris",1930-01-19,1930-03-02,"Georges Braque","French",42,1930,2,7367,8,"Cubism"
"Summer Exhibition: Painting and Sculpture",1932-06-07,1932-10-30,"Georges Braque","French",145,1932,1,7367,8,"Cubism"
"Fruit and Flower Paintings",1933-05-13,1933-05-31,"Georges Braque","French",18,1933,4,7367,8,"Cubism"
"International Exhibition of Theatre Art",1934-01-15,1934-02-25,"Georges Braque","French",41,1934,2,7367,8,"Cubism"
"Summer Exhibition: The Museum Collection and a Private Collection on Loan",1935-06-04,1935-09-24,"Georges Braque","French",112,1935,1,7367,8,"Cubism"
"Cubism and Abstract Art",1936-03-02,1936-04-19,"Georges Braque","French",48,1936,3,7367,8,"Cubism"
"Summer Exhibition: Painting and Sculpture from the Museum Collection and on Loan",1937-06-23,1937-11-04,"Georges Braque","French",134,1937,1,7367,8,"Cubism"
"Painting, Sculpture, Prints",1939-05-10,1939-09-30,"Georges Braque","French",143,1939,1,7367,8,"Cubism"
"Modern Masters from European and American Collections",1940-01-26,1940-03-24,"Georges Braque","French",58,1940,2,7367,8,"Cubism"
"Painting and Sculpture from the Museum Collection",1941-04-30,1941-05-06,"Georges Braque","French",6,1941,5,7367,8,"Cubism"
"New Acquisitions and Extended Loans: Cubist and Abstract Art",1942-03-25,1942-05-03,"Georges Braque","French",39,1942,1,7367,8,"Cubism"
"Modern Drawings",1944-02-16,1944-05-10,"Georges Braque","French",84,1944,3,7367,8,"Cubism"
"Recent Acquisitions",1945-02-15,1945-03-18,"Georges Braque","French",31,1945,3,7367,8,"Cubism"
"Recent Acquisitions in Painting and Sculpture",1946-02-06,1946-02-24,"Georges Braque","French",18,1946,4,7367,8,"Cubism"
"World of Illusion: Elements of Stage Design",1947-10-14,1948-01-04,"Georges Braque","French",82,1947,1,7367,8,"Cubism"
"New Acquisitions",1948-01-13,1948-03-21,"Georges Braque","French",68,1948,4,7367,8,"Cubism"
"Georges Braque",1949-03-29,1949-06-12,"Georges Braque","French",75,1949,3,7367,8,"Cubism"
"Three Modern Styles",1950-07-11,1950-09-05,"Georges Braque","French",56,1950,1,7367,8,"Cubism"
"Selections from 5 New York Private Collections",1951-06-26,1951-09-09,"Georges Braque","French",75,1951,1,7367,8,"Cubism"
"Masterworks Acquired through the Mrs. Simon Guggenheim Fund",1952-01-29,1952-03-23,"Georges Braque","French",54,1952,4,7367,8,"Cubism"
"XXVth Anniversary Exhibition: Paintings from the Museum Collection",1954-10-19,1955-02-06,"Georges Braque","French",110,1954,2,7367,8,"Cubism"
"Painting and Sculpture from the Museum Collection: New Acquisitions",1955-03-05,1955-04-24,"Georges Braque","French",50,1955,2,7367,8,"Cubism"
"Three Painters as Printmakers: Braque, Miró, Morandi",1958-01-29,1958-03-02,"Georges Braque","French",32,1958,3,7367,8,"Cubism"
"Selections from the Art Lending Service",1960-03-24,1960-04-17,"Georges Braque","French",24,1960,3,7367,8,"Cubism"
"The Mrs. Adele R. Levy Collection: A Memorial Exhibition",1961-06-09,1961-07-16,"Georges Braque","French",37,1961,2,7367,8,"Cubism"
"Fifty Drawings: Recent Acquisitions",1962-04-10,1962-08-12,"Georges Braque","French",124,1962,3,7367,8,"Cubism"
"Painting and Sculpture from the Museum Collection",1964-05-27,NA,"Georges Braque","French",NA,1964,1,7367,8,"Cubism"
"The School of Paris: Paintings from the Florence May Schoenborn and Samuel A. Marx Collection",1965-11-02,1966-01-02,"Georges Braque","French",61,1965,1,7367,8,"Cubism"
"The Taste of a Connoisseur: The Paul J. Sachs Collection",1966-12-21,1967-03-05,"Georges Braque","French",74,1966,1,7367,8,"Cubism"
"Word and Image: Posters and Typography from the Graphic Design Collection of the Museum of Modern Art, 1879–1967",1968-01-25,1968-03-10,"Georges Braque","French",45,1968,1,7367,8,"Cubism"
"Twentieth-Century Art from the Nelson Aldrich Rockefeller Collection",1969-05-28,1969-09-01,"Georges Braque","French",96,1969,2,7367,8,"Cubism"
"Recent Acquisitions V",1970-06-05,1970-09-13,"Georges Braque","French",100,1970,2,7367,8,"Cubism"
"Ways of Looking",1971-07-28,1971-11-01,"Georges Braque","French",96,1971,1,7367,8,"Cubism"
"Prints for Collectors",1972-06-26,1972-09-15,"Georges Braque","French",81,1972,2,7367,8,"Cubism"
"Works on Paper",1973-03-07,1973-06-04,"Georges Braque","French",89,1973,2,7367,8,"Cubism"
"Seurat to Matisse: Drawing in France",1974-06-13,1974-09-08,"Georges Braque","French",87,1974,2,7367,8,"Cubism"
"Cubism and Its Affinities",1976-02-09,1976-05-09,"Georges Braque","French",90,1976,4,7367,8,"Cubism"
"Posters by Painters",1977-01-21,1977-03-23,"Georges Braque","French",61,1977,4,7367,8,"Cubism"
"A Treasury of Modern Drawing: The Joan and Lester Avnet Collection",1978-04-28,1978-07-04,"Georges Braque","French",67,1978,1,7367,8,"Cubism"
"Art of the Twenties",1979-11-14,1980-01-22,"Georges Braque","French",69,1979,1,7367,8,"Cubism"
"Around Picasso",1980-05-14,1980-09-30,"Georges Braque","French",139,1980,3,7367,8,"Cubism"
"Words and Pictures",1981-08-20,1981-10-06,"Georges Braque","French",47,1981,1,7367,8,"Cubism"
"A Century of Modern Drawing, 1881–1981",1982-03-01,1982-03-16,"Georges Braque","French",15,1982,1,7367,8,"Cubism"
"Prints from Blocks: Gauguin to Now",1983-03-03,1983-05-15,"Georges Braque","French",73,1983,2,7367,8,"Cubism"
"Selections from the Permanent Collection: Painting and Sculpture",1984-05-17,NA,"Georges Braque","French",NA,1984,2,7367,8,"Cubism"
"Contrasts of Form: Geometric Abstract Art, 1910–1980",1985-10-02,1986-01-07,"Georges Braque","French",97,1985,1,7367,8,"Cubism"
"Naked/Nude",1986-05-29,1986-09-30,"Georges Braque","French",124,1986,1,7367,8,"Cubism"
"Iliazd and the Illustrated Book",1987-06-16,1987-08-18,"Georges Braque","French",63,1987,2,7367,8,"Cubism"
"Collage: Selections from the Permanent Collection",1988-11-03,1989-02-28,"Georges Braque","French",117,1988,1,7367,8,"Cubism"
"Master Prints from the Collection",1989-04-06,1989-08-08,"Georges Braque","French",124,1989,4,7367,8,"Cubism"
"Painting in Paris",1930-01-19,1930-03-02,"Giorgio de Chirico","Italian",42,1930,2,5674,31,"Metaphysical Art"
"A Brief Survey of Modern Painting",1932-07-20,1932-10-05,"Giorgio de Chirico","Italian",77,1932,1,5674,31,"Metaphysical Art"
"Summer Exhibition: Painting and Sculpture",1933-07-10,1933-09-30,"Giorgio de Chirico","Italian",82,1933,3,5674,31,"Metaphysical Art"
"International Exhibition of Theatre Art",1934-01-15,1934-02-25,"Giorgio de Chirico","Italian",41,1934,2,5674,31,"Metaphysical Art"
"Summer Exhibition: The Museum Collection and a Private Collection on Loan",1935-06-04,1935-09-24,"Giorgio de Chirico","Italian",112,1935,1,5674,31,"Metaphysical Art"
"Cubism and Abstract Art",1936-03-02,1936-04-19,"Giorgio de Chirico","Italian",48,1936,3,5674,31,"Metaphysical Art"
"Painting, Sculpture, Prints",1939-05-10,1939-09-30,"Giorgio de Chirico","Italian",143,1939,1,5674,31,"Metaphysical Art"
"Paintings and Sculpture from the Museum Collection",1940-01-12,1940-03-03,"Giorgio de Chirico","Italian",51,1940,2,5674,31,"Metaphysical Art"
"Painting and Sculpture from the Museum Collection",1941-04-30,1941-05-06,"Giorgio de Chirico","Italian",6,1941,2,5674,31,"Metaphysical Art"
"Twentieth Century Portraits",1942-12-09,1943-01-24,"Giorgio de Chirico","Italian",46,1942,2,5674,31,"Metaphysical Art"
"Recent Acquisitions: European and American Paintings and Rugs",1943-07-28,1943-09-26,"Giorgio de Chirico","Italian",60,1943,1,5674,31,"Metaphysical Art"
"Modern Drawings",1944-02-16,1944-05-10,"Giorgio de Chirico","Italian",84,1944,3,5674,31,"Metaphysical Art"
"What is Modern Painting?",1945-03-06,1945-03-25,"Giorgio de Chirico","Italian",19,1945,4,5674,31,"Metaphysical Art"
"The Museum Collection of Painting",1946-02-19,1946-05-05,"Giorgio de Chirico","Italian",75,1946,3,5674,31,"Metaphysical Art"
"Drawings in the Collection of The Museum of Modern Art",1947-04-15,1947-06-01,"Giorgio de Chirico","Italian",47,1947,1,5674,31,"Metaphysical Art"
"Timeless Aspects of Modern Art",1948-11-16,1949-01-23,"Giorgio de Chirico","Italian",68,1948,1,5674,31,"Metaphysical Art"
"Master Prints from the Museum Collection",1949-05-10,1949-07-10,"Giorgio de Chirico","Italian",61,1949,2,5674,31,"Metaphysical Art"
"Recent Acquisitions",1950-03-28,1950-05-07,"Giorgio de Chirico","Italian",40,1950,3,5674,31,"Metaphysical Art"
"New Lamps",1951-03-27,1951-06-03,"Giorgio de Chirico","Italian",68,1951,1,5674,31,"Metaphysical Art"
"Gallery Expansion and New Acquisitions",1952-12-23,NA,"Giorgio de Chirico","Italian",NA,1952,1,5674,31,"Metaphysical Art"
"XXVth Anniversary Exhibition: Paintings from the Museum Collection",1954-10-19,1955-02-06,"Giorgio de Chirico","Italian",110,1954,1,5674,31,"Metaphysical Art"
"Painting and Sculpture from the Museum Collection: New Acquisitions",1955-03-05,1955-04-24,"Giorgio de Chirico","Italian",50,1955,2,5674,31,"Metaphysical Art"
"Recent Acquisitions",1957-11-13,1958-01-05,"Giorgio de Chirico","Italian",53,1957,1,5674,31,"Metaphysical Art"
"Philip L. Goodwin Collection",1958-10-08,1958-11-09,"Giorgio de Chirico","Italian",32,1958,2,5674,31,"Metaphysical Art"
"100 Drawings from the Museum Collection",1960-10-11,1961-01-02,"Giorgio de Chirico","Italian",83,1960,1,5674,31,"Metaphysical Art"
"Painting and Sculpture from the James Thrall Soby Collection",1961-02-01,1961-03-04,"Giorgio de Chirico","Italian",31,1961,2,5674,31,"Metaphysical Art"
"Painting and Sculpture from the Museum Collection",1964-05-27,NA,"Giorgio de Chirico","Italian",NA,1964,2,5674,31,"Metaphysical Art"
"The School of Paris: Paintings from the Florence May Schoenborn and Samuel A. Marx Collection",1965-11-02,1966-01-02,"Giorgio de Chirico","Italian",61,1965,1,5674,31,"Metaphysical Art"
"The Sidney and Harriet Janis Collection",1968-01-17,1968-03-04,"Giorgio de Chirico","Italian",47,1968,2,5674,31,"Metaphysical Art"
"Twentieth-Century Art from the Nelson Aldrich Rockefeller Collection",1969-05-28,1969-09-01,"Giorgio de Chirico","Italian",96,1969,1,5674,31,"Metaphysical Art"
"Surrealist Illusion from the Museum Collection",1971-02-11,1971-04-18,"Giorgio de Chirico","Italian",66,1971,2,5674,31,"Metaphysical Art"
"Philadelphia in New York: 90 Modern Works from the Philadelphia Museum of Art",1972-10-18,1973-01-07,"Giorgio de Chirico","Italian",81,1972,1,5674,31,"Metaphysical Art"
"25 Recent Acquisitions",1973-01-22,1973-03-18,"Giorgio de Chirico","Italian",55,1973,3,5674,31,"Metaphysical Art"
"Gods, Heroes, and Shepherds",1974-08-23,1974-11-10,"Giorgio de Chirico","Italian",79,1974,1,5674,31,"Metaphysical Art"
"Modern Masters: Manet to Matisse",1975-08-05,1975-09-28,"Giorgio de Chirico","Italian",54,1975,2,5674,31,"Metaphysical Art"
"Between World Wars: Drawing in Europe and America",1976-08-20,1976-11-14,"Giorgio de Chirico","Italian",86,1976,1,5674,31,"Metaphysical Art"
"Artists and Writers",1978-07-10,1978-10-03,"Giorgio de Chirico","Italian",85,1978,1,5674,31,"Metaphysical Art"
"The James Thrall Soby Bequest",1979-03-22,1979-05-09,"Giorgio de Chirico","Italian",48,1979,3,5674,31,"Metaphysical Art"
"Reinstallation of the Collection",1980-10-23,NA,"Giorgio de Chirico","Italian",NA,1980,2,5674,31,"Metaphysical Art"
"Words and Pictures",1981-08-20,1981-10-06,"Giorgio de Chirico","Italian",47,1981,1,5674,31,"Metaphysical Art"
"A Century of Modern Drawing, 1881–1981",1982-03-01,1982-03-16,"Giorgio de Chirico","Italian",15,1982,2,5674,31,"Metaphysical Art"
"The Modern Drawing: 100 Works on Paper from The Museum of Modern Art",1983-10-26,1984-01-03,"Giorgio de Chirico","Italian",69,1983,1,5674,31,"Metaphysical Art"
"Selections from the Permanent Collection: Painting and Sculpture",1984-05-17,NA,"Giorgio de Chirico","Italian",NA,1984,2,5674,31,"Metaphysical Art"
"Drawings Acquisitions",1987-01-24,1987-06-14,"Giorgio de Chirico","Italian",141,1987,3,5674,31,"Metaphysical Art"
"Recent Acquisitions",1988-11-24,1989-01-10,"Giorgio de Chirico","Italian",47,1988,1,5674,31,"Metaphysical Art"
"Painting in Paris",1930-01-19,1930-03-02,"Henri Matisse","French",42,1930,2,13186,2,"Fauvism"
"Memorial Exhibition: The Collection of the Late Lillie P. Bliss",1931-05-17,1931-10-06,"Henri Matisse","French",142,1931,2,13186,2,"Fauvism"
"Summer Exhibition: Painting and Sculpture",1932-06-07,1932-10-30,"Henri Matisse","French",145,1932,2,13186,2,"Fauvism"
"Fruit and Flower Paintings",1933-05-13,1933-05-31,"Henri Matisse","French",18,1933,4,13186,2,"Fauvism"
"The Lillie P. Bliss Collection, 1934",1934-05-14,1934-09-12,"Henri Matisse","French",121,1934,2,13186,2,"Fauvism"
"Summer Exhibition: The Museum Collection and a Private Collection on Loan",1935-06-04,1935-09-24,"Henri Matisse","French",112,1935,1,13186,2,"Fauvism"
"New Acquisitions: The Collection of Mrs. John D. Rockefeller, Jr.",1936-01-14,1936-02-16,"Henri Matisse","French",33,1936,3,13186,2,"Fauvism"
"Summer Exhibition: Painting and Sculpture from the Museum Collection and on Loan",1937-06-23,1937-11-04,"Henri Matisse","French",134,1937,1,13186,2,"Fauvism"
"Painting, Sculpture, Prints",1939-05-10,1939-09-30,"Henri Matisse","French",143,1939,1,13186,2,"Fauvism"
"Paintings and Sculpture from the Museum Collection",1940-01-12,1940-03-03,"Henri Matisse","French",51,1940,5,13186,2,"Fauvism"
"New Acquisitions: A Gift of Paintings from a Trustee",1941-05-06,1941-10-15,"Henri Matisse","French",162,1941,5,13186,2,"Fauvism"
"Twentieth Century Portraits",1942-12-09,1943-01-24,"Henri Matisse","French",46,1942,2,13186,2,"Fauvism"
"Modern Drawings",1944-02-16,1944-05-10,"Henri Matisse","French",84,1944,3,13186,2,"Fauvism"
"What is Modern Painting?",1945-03-06,1945-03-25,"Henri Matisse","French",19,1945,3,13186,2,"Fauvism"
"Recent Acquisitions in Painting and Sculpture",1946-02-06,1946-02-24,"Henri Matisse","French",18,1946,6,13186,2,"Fauvism"
"Large-Scale Modern Paintings",1947-04-01,1947-05-04,"Henri Matisse","French",33,1947,2,13186,2,"Fauvism"
"Portraits in Prints",1948-06-01,1948-09-06,"Henri Matisse","French",97,1948,3,13186,2,"Fauvism"
"Pictures for Children Aged 3–12 Years",1949-03-18,1949-04-17,"Henri Matisse","French",30,1949,4,13186,2,"Fauvism"
"Recent Acquisitions",1950-01-31,1950-05-07,"Henri Matisse","French",96,1950,1,13186,2,"Fauvism"
"From the Alfred Stieglitz Collection: An Extended Loan from the Metropolitan Museum of Art",1951-05-22,1951-08-12,"Henri Matisse","French",82,1951,4,13186,2,"Fauvism"
"Posters by Painters and Sculptors",1952-03-04,1952-05-11,"Henri Matisse","French",68,1952,3,13186,2,"Fauvism"
"Edward G. Robinson Collection",1953-03-03,1953-04-12,"Henri Matisse","French",40,1953,4,13186,2,"Fauvism"
"Faces and Figures: Drawings from the Collection of The Museum of Modern Art",1954-04-21,1954-06-06,"Henri Matisse","French",46,1954,3,13186,2,"Fauvism"
"Painting and Sculpture from the Museum Collection: New Acquisitions",1955-03-05,1955-04-24,"Henri Matisse","French",50,1955,7,13186,2,"Fauvism"
"Matisse Maquette: The Sheaf",1956-03-28,NA,"Henri Matisse","French",NA,1956,3,13186,2,"Fauvism"
"50 Selections from the Collection of Mr. and Mrs. Walter Bareiss",1958-04-23,1958-05-18,"Henri Matisse","French",25,1958,3,13186,2,"Fauvism"
"Fifty Modern Paintings and Sculpture Especially Donated for the Benefit of the 30th Anniversary Fund of The Museum of Modern Art",1960-04-20,NA,"Henri Matisse","French",NA,1960,5,13186,2,"Fauvism"
"The Mrs. Adele R. Levy Collection: A Memorial Exhibition",1961-06-09,1961-07-16,"Henri Matisse","French",37,1961,3,13186,2,"Fauvism"
"Lettering by Hand",1962-11-06,1963-01-06,"Henri Matisse","French",61,1962,2,13186,2,"Fauvism"
"60 Modern Drawings: Recent Acquisitions",1963-08-06,1963-09-29,"Henri Matisse","French",54,1963,1,13186,2,"Fauvism"
"Painting and Sculpture from the Museum Collection",1964-05-27,NA,"Henri Matisse","French",NA,1964,3,13186,2,"Fauvism"
"Recent Acquisitions: Painting and Sculpture",1965-02-16,1965-04-25,"Henri Matisse","French",68,1965,4,13186,2,"Fauvism"
"Paul J. Sachs Gallery Print Re-installation",1966-03-03,NA,"Henri Matisse","French",NA,1966,5,13186,2,"Fauvism"
"The Artist as His Subject",1967-04-28,1967-04-30,"Henri Matisse","French",2,1967,4,13186,2,"Fauvism"
"Drawings: Recent Acquisitions",1969-02-18,1969-03-30,"Henri Matisse","French",40,1969,5,13186,2,"Fauvism"
"Mrs. Simon Guggenheim, 1877–1970: In Memoriam",1970-02-25,1970-03-17,"Henri Matisse","French",20,1970,7,13186,2,"Fauvism"
"Recent Acquisitions: 20th-Century Pioneers",1971-03-13,1971-04-26,"Henri Matisse","French",44,1971,4,13186,2,"Fauvism"
"Matisse: Jazz",1972-02-22,1972-03-05,"Henri Matisse","French",12,1972,5,13186,2,"Fauvism"
"The Painting and Sculpture Collection: A New Perspective",1973-03-14,NA,"Henri Matisse","French",NA,1973,3,13186,2,"Fauvism"
"Recent Acquisitions: Painting and Sculpture",1974-03-01,1974-03-24,"Henri Matisse","French",23,1974,4,13186,2,"Fauvism"
"Five Recent Acquisitions",1975-04-18,1975-06-22,"Henri Matisse","French",65,1975,3,13186,2,"Fauvism"
"The ""Wild Beasts"": Fauvism and Its Affinities",1976-03-26,1976-06-01,"Henri Matisse","French",67,1976,8,13186,2,"Fauvism"
"Posters by Painters",1977-01-21,1977-03-23,"Henri Matisse","French",61,1977,5,13186,2,"Fauvism"
"Art for Corporations",1978-04-17,1978-07-04,"Henri Matisse","French",78,1978,4,13186,2,"Fauvism"
"Nelson Rockefeller Memorial Exhibition",1979-02-14,1979-03-19,"Henri Matisse","French",33,1979,3,13186,2,"Fauvism"
"Reinstallation of the Collection",1980-10-23,NA,"Henri Matisse","French",NA,1980,2,13186,2,"Fauvism"
"Recent Acquisitions: Drawings",1981-03-19,1981-06-02,"Henri Matisse","French",75,1981,2,13186,2,"Fauvism"
"A Century of Modern Drawing, 1881–1981",1982-03-01,1982-03-16,"Henri Matisse","French",15,1982,2,13186,2,"Fauvism"
"Prints from Blocks: Gauguin to Now",1983-03-03,1983-05-15,"Henri Matisse","French",73,1983,4,13186,2,"Fauvism"
"Selections from the Permanent Collection: Painting and Sculpture",1984-05-17,NA,"Henri Matisse","French",NA,1984,3,13186,2,"Fauvism"
"The Drawings of Henri Matisse",1985-02-28,1985-05-14,"Henri Matisse","French",75,1985,3,13186,2,"Fauvism"
"Sculptors' Drawings",1986-04-26,1986-09-02,"Henri Matisse","French",129,1986,2,13186,2,"Fauvism"
"Drawing since 1940",1987-06-25,1987-10-13,"Henri Matisse","French",110,1987,3,13186,2,"Fauvism"
"The Prints of Henri Matisse",1988-08-06,1988-11-06,"Henri Matisse","French",92,1988,3,13186,2,"Fauvism"
"Master Prints from the Collection",1989-04-06,1989-08-08,"Henri Matisse","French",124,1989,2,13186,2,"Fauvism"
"The Museum Collection of Painting and Sculpture",1945-06-20,1946-02-13,"Jackson Pollock","American",238,1945,1,4613,49,"Abstract Expressionism"
"Paintings, Sculpture, and Graphic Arts from the Museum Collection",1946-07-02,NA,"Jackson Pollock","American",NA,1946,1,4613,49,"Abstract Expressionism"
"Large-Scale Modern Paintings",1947-04-01,1947-05-04,"Jackson Pollock","American",33,1947,1,4613,49,"Abstract Expressionism"
"American Paintings from the Museum Collection",1948-12-23,1949-03-13,"Jackson Pollock","American",80,1948,1,4613,49,"Abstract Expressionism"
"Recent Acquisitions",1949-05-03,1949-07-17,"Jackson Pollock","American",75,1949,3,4613,49,"Abstract Expressionism"
"Recent Acquisitions",1950-03-28,1950-05-07,"Jackson Pollock","American",40,1950,2,4613,49,"Abstract Expressionism"
"Abstract Painting and Sculpture in America",1951-01-23,1951-03-25,"Jackson Pollock","American",61,1951,2,4613,49,"Abstract Expressionism"
"15 Americans",1952-04-09,1952-07-27,"Jackson Pollock","American",109,1952,1,4613,49,"Abstract Expressionism"
"New Acquisitions",1953-02-11,1953-03-15,"Jackson Pollock","American",32,1953,1,4613,49,"Abstract Expressionism"
"XXVth Anniversary Exhibition: Paintings from the Museum Collection",1954-10-19,1955-02-06,"Jackson Pollock","American",110,1954,1,4613,49,"Abstract Expressionism"
"Paintings from Private Collections",1955-05-31,1955-09-07,"Jackson Pollock","American",99,1955,1,4613,49,"Abstract Expressionism"
"Jackson Pollock",1956-12-19,1957-02-03,"Jackson Pollock","American",46,1956,1,4613,49,"Abstract Expressionism"
"50 Selections from the Collection of Mr. and Mrs. Walter Bareiss",1958-04-23,1958-05-18,"Jackson Pollock","American",25,1958,1,4613,49,"Abstract Expressionism"
"The New American Painting as Shown in Eight European Countries 1958–1959",1959-05-28,1959-09-08,"Jackson Pollock","American",103,1959,4,4613,49,"Abstract Expressionism"
"Art Lending Service Retrospective",1960-01-27,1960-03-20,"Jackson Pollock","American",53,1960,3,4613,49,"Abstract Expressionism"
"Painting and Sculpture from the Museum Collection",1964-05-27,NA,"Jackson Pollock","American",NA,1964,1,4613,49,"Abstract Expressionism"
"Jackson Pollock",1967-04-05,1967-06-04,"Jackson Pollock","American",60,1967,1,4613,49,"Abstract Expressionism"
"The Sidney and Harriet Janis Collection",1968-01-17,1968-03-04,"Jackson Pollock","American",47,1968,2,4613,49,"Abstract Expressionism"
"The New American Painting and Sculpture: The First Generation",1969-06-18,1969-10-05,"Jackson Pollock","American",109,1969,4,4613,49,"Abstract Expressionism"
"Preliminary Drawings",1970-05-23,1970-08-31,"Jackson Pollock","American",100,1970,1,4613,49,"Abstract Expressionism"
"Summer Show",1971-07-06,1971-09-15,"Jackson Pollock","American",71,1971,2,4613,49,"Abstract Expressionism"
"Drawn in America",1972-03-01,1972-05-29,"Jackson Pollock","American",89,1972,2,4613,49,"Abstract Expressionism"
"Works on Paper",1973-03-07,1973-06-04,"Jackson Pollock","American",89,1973,2,4613,49,"Abstract Expressionism"
"American Prints: 1913–1963",1974-12-03,1975-03-03,"Jackson Pollock","American",90,1974,1,4613,49,"Abstract Expressionism"
"The Natural Paradise: Painting in America 1800–1950",1976-09-29,1976-11-30,"Jackson Pollock","American",62,1976,1,4613,49,"Abstract Expressionism"
"A Treasury of Modern Drawing: The Joan and Lester Avnet Collection",1978-04-28,1978-07-04,"Jackson Pollock","American",67,1978,1,4613,49,"Abstract Expressionism"
"Jackson Pollock: Drawing Into Painting",1980-02-04,1980-03-16,"Jackson Pollock","American",41,1980,2,4613,49,"Abstract Expressionism"
"Recent Acquisitions: Drawings",1981-03-19,1981-06-02,"Jackson Pollock","American",75,1981,2,4613,49,"Abstract Expressionism"
"A Century of Modern Drawing, 1881–1981",1982-03-01,1982-03-16,"Jackson Pollock","American",15,1982,2,4613,49,"Abstract Expressionism"
"The Modern Drawing: 100 Works on Paper from The Museum of Modern Art",1983-10-26,1984-01-03,"Jackson Pollock","American",69,1983,1,4613,49,"Abstract Expressionism"
"Selections from the Permanent Collection: Painting and Sculpture",1984-05-17,NA,"Jackson Pollock","American",NA,1984,3,4613,49,"Abstract Expressionism"
"The Expressionist Idiom",1985-05-06,1985-12-18,"Jackson Pollock","American",226,1985,2,4613,49,"Abstract Expressionism"
"Drawings Acquisitions",1987-01-24,1987-06-14,"Jackson Pollock","American",141,1987,4,4613,49,"Abstract Expressionism"
"Master Prints from the Collection",1989-04-06,1989-08-08,"Jackson Pollock","American",124,1989,2,4613,49,"Abstract Expressionism"
"Master Prints from the Museum Collection",1949-05-10,1949-07-10,"Jean Dubuffet","French",61,1949,3,5392,35,"Art Informel"
"Gallery Expansion and New Acquisitions",1952-12-23,NA,"Jean Dubuffet","French",NA,1952,1,5392,35,"Art Informel"
"XXVth Anniversary Exhibition: Paintings from the Museum Collection",1954-10-19,1955-02-06,"Jean Dubuffet","French",110,1954,2,5392,35,"Art Informel"
"Prints from Europe and Japan; Etchings by Matisse",1955-05-04,1955-05-31,"Jean Dubuffet","French",27,1955,2,5392,35,"Art Informel"
"Recent European Acquisitions",1956-11-28,1957-01-20,"Jean Dubuffet","French",53,1956,1,5392,35,"Art Informel"
"Drawings, Watercolors, Collages: New Acquisitions",1959-07-15,1959-10-15,"Jean Dubuffet","French",92,1959,2,5392,35,"Art Informel"
"Art Lending Service Retrospective",1960-01-27,1960-03-20,"Jean Dubuffet","French",53,1960,3,5392,35,"Art Informel"
"Painting and Sculpture from the James Thrall Soby Collection",1961-02-01,1961-03-04,"Jean Dubuffet","French",31,1961,3,5392,35,"Art Informel"
"Jean Dubuffet",1962-02-21,1962-04-08,"Jean Dubuffet","French",46,1962,3,5392,35,"Art Informel"
"Painting and Sculpture from the Museum Collection",1964-05-27,NA,"Jean Dubuffet","French",NA,1964,2,5392,35,"Art Informel"
"Recent Acquisitions: Painting and Sculpture",1965-02-16,1965-04-25,"Jean Dubuffet","French",68,1965,3,5392,35,"Art Informel"
"Members Collect",1967-03-27,1967-05-25,"Jean Dubuffet","French",59,1967,1,5392,35,"Art Informel"
"The Sidney and Harriet Janis Collection",1968-01-17,1968-03-04,"Jean Dubuffet","French",47,1968,4,5392,35,"Art Informel"
"Jean Dubuffet: Recent Gifts",1969-02-17,1969-03-30,"Jean Dubuffet","French",41,1969,4,5392,35,"Art Informel"
"Mrs. Simon Guggenheim, 1877–1970: In Memoriam",1970-02-25,1970-03-17,"Jean Dubuffet","French",20,1970,1,5392,35,"Art Informel"
"A Selection of Drawings and Watercolors from the Museum Collection",1971-05-11,1971-10-19,"Jean Dubuffet","French",161,1971,2,5392,35,"Art Informel"
"Permanent Collection",1972-03-29,NA,"Jean Dubuffet","French",NA,1972,2,5392,35,"Art Informel"
"Recent Acquisitions, 1968–1973",1973-06-15,1973-09-25,"Jean Dubuffet","French",102,1973,2,5392,35,"Art Informel"
"Seurat to Matisse: Drawing in France",1974-06-13,1974-09-08,"Jean Dubuffet","French",87,1974,1,5392,35,"Art Informel"
"In the Twenties",1975-03-21,1975-06-15,"Jean Dubuffet","French",86,1975,3,5392,35,"Art Informel"
"Prints from the Collection",1976-05-14,1976-08-08,"Jean Dubuffet","French",86,1976,4,5392,35,"Art Informel"
"Posters by Painters",1977-01-21,1977-03-23,"Jean Dubuffet","French",61,1977,3,5392,35,"Art Informel"
"A Treasury of Modern Drawing: The Joan and Lester Avnet Collection",1978-04-28,1978-07-04,"Jean Dubuffet","French",67,1978,2,5392,35,"Art Informel"
"The Stage Show",1979-03-05,1979-05-29,"Jean Dubuffet","French",85,1979,5,5392,35,"Art Informel"
"Printed Art: A View of Two Decades",1980-02-13,1980-04-01,"Jean Dubuffet","French",48,1980,1,5392,35,"Art Informel"
"Words and Pictures",1981-08-20,1981-10-06,"Jean Dubuffet","French",47,1981,2,5392,35,"Art Informel"
"A Century of Modern Drawing, 1881–1981",1982-03-01,1982-03-16,"Jean Dubuffet","French",15,1982,1,5392,35,"Art Informel"
"Prints from Blocks: Gauguin to Now",1983-03-03,1983-05-15,"Jean Dubuffet","French",73,1983,2,5392,35,"Art Informel"
"Selections from the Permanent Collection: Painting and Sculpture",1984-05-17,NA,"Jean Dubuffet","French",NA,1984,3,5392,35,"Art Informel"
"The Expressionist Idiom",1985-05-06,1985-12-18,"Jean Dubuffet","French",226,1985,1,5392,35,"Art Informel"
"Sculptors' Drawings",1986-04-26,1986-09-02,"Jean Dubuffet","French",129,1986,3,5392,35,"Art Informel"
"Drawing since 1940",1987-06-25,1987-10-13,"Jean Dubuffet","French",110,1987,2,5392,35,"Art Informel"
"Collage: Selections from the Permanent Collection",1988-11-03,1989-02-28,"Jean Dubuffet","French",117,1988,1,5392,35,"Art Informel"
"Watercolors: Selections from the Permanent Collection",1989-03-16,1989-07-04,"Jean Dubuffet","French",110,1989,4,5392,35,"Art Informel"
"Cubism and Abstract Art",1936-03-02,1936-04-19,"Man Ray","American",48,1936,2,5707,29,"Dada"
"Photography 1839–1937",1937-03-17,1937-04-18,"Man Ray","American",32,1937,1,5707,29,"Dada"
"Three Centuries of American Art",1938-05-24,1938-07-31,"Man Ray","American",68,1938,1,5707,29,"Dada"
"Painting, Sculpture, Prints",1939-05-10,1939-09-30,"Man Ray","American",143,1939,2,5707,29,"Dada"
"Sixty Photographs: A Survey of Camera Esthetics",1940-12-31,1941-01-12,"Man Ray","American",12,1940,1,5707,29,"Dada"
"New Acquisitions: Fantastic Art, Dada, Surrealism",1941-07-23,1941-09-29,"Man Ray","American",68,1941,1,5707,29,"Dada"
"New Acquisitions: Photographs",1942-01-13,1942-02-25,"Man Ray","American",43,1942,3,5707,29,"Dada"
"Portraits",1943-11-04,1943-12-07,"Man Ray","American",33,1943,1,5707,29,"Dada"
"Photography",1944-05-24,1944-09-17,"Man Ray","American",116,1944,1,5707,29,"Dada"
"The Museum Collection of Painting and Sculpture",1945-06-20,1946-02-13,"Man Ray","American",238,1945,2,5707,29,"Dada"
"Drawings in the Collection of The Museum of Modern Art",1947-04-15,1947-06-01,"Man Ray","American",47,1947,1,5707,29,"Dada"
"50 Photographs by 50 Photographers",1948-07-27,1948-09-26,"Man Ray","American",61,1948,2,5707,29,"Dada"
"Posters from the Bernard Davis Collection",1950-05-24,1950-07-25,"Man Ray","American",62,1950,1,5707,29,"Dada"
"Abstract Painting and Sculpture in America",1951-01-23,1951-03-25,"Man Ray","American",61,1951,3,5707,29,"Dada"
"Then and Now",1952-08-05,1952-08-18,"Man Ray","American",13,1952,2,5707,29,"Dada"
"Summer Exhibition: New Acquisitions; Recent American Prints, 1947–1953; Katherine S. Dreier Bequest; Kuniyoshi and Spencer; Expressionism in Germany; Varieties of Realism",1953-06-23,1953-10-04,"Man Ray","American",103,1953,2,5707,29,"Dada"
"XXVth Anniversary Exhibition: Paintings from the Museum Collection",1954-10-19,1955-02-06,"Man Ray","American",110,1954,1,5707,29,"Dada"
"Photographs from the Museum Collection",1958-11-26,1959-01-18,"Man Ray","American",53,1958,2,5707,29,"Dada"
"Drawings, Watercolors, Collages: New Acquisitions",1959-07-15,1959-10-15,"Man Ray","American",92,1959,2,5707,29,"Dada"
"Portraits from the Museum Collection",1960-05-04,1960-09-18,"Man Ray","American",137,1960,3,5707,29,"Dada"
"The Art of Assemblage",1961-10-04,1961-11-12,"Man Ray","American",39,1961,1,5707,29,"Dada"
"Towards the ""New"" Museum of Modern Art: A Bid for Space IV",1963-02-21,NA,"Man Ray","American",NA,1963,1,5707,29,"Dada"
"Painting and Sculpture from the Museum Collection",1964-05-27,NA,"Man Ray","American",NA,1964,2,5707,29,"Dada"
"Glamour Portraits",1965-08-02,1965-09-19,"Man Ray","American",48,1965,1,5707,29,"Dada"
"The Object Transformed",1966-06-29,1966-09-05,"Man Ray","American",68,1966,1,5707,29,"Dada"
"Steichen Gallery Reinstallation",1967-10-25,NA,"Man Ray","American",NA,1967,1,5707,29,"Dada"
"Word and Image: Posters and Typography from the Graphic Design Collection of the Museum of Modern Art, 1879–1967",1968-01-25,1968-03-10,"Man Ray","American",45,1968,4,5707,29,"Dada"
"Portrait Photographs",1969-07-09,1969-09-28,"Man Ray","American",81,1969,2,5707,29,"Dada"
"Photo Eye of the 20s",1970-06-04,1970-09-08,"Man Ray","American",96,1970,1,5707,29,"Dada"
"Technics and Creativity: Selections from Gemini G.E.L.",1971-05-05,1971-07-06,"Man Ray","American",62,1971,4,5707,29,"Dada"
"Drawn in America",1972-03-01,1972-05-29,"Man Ray","American",89,1972,3,5707,29,"Dada"
"Works on Paper",1973-03-07,1973-06-04,"Man Ray","American",89,1973,2,5707,29,"Dada"
"Seurat to Matisse: Drawing in France",1974-06-13,1974-09-08,"Man Ray","American",87,1974,1,5707,29,"Dada"
"Picture Puzzles",1975-08-12,1975-11-16,"Man Ray","American",96,1975,1,5707,29,"Dada"
"Photography: Recent Acquisitions, 1974–1976",1976-05-06,1976-07-18,"Man Ray","American",73,1976,3,5707,29,"Dada"
"Artists by Artists",1977-04-18,1977-06-26,"Man Ray","American",69,1977,2,5707,29,"Dada"
"Art of the Twenties",1979-11-14,1980-01-22,"Man Ray","American",69,1979,3,5707,29,"Dada"
"Reinstallation of the Collection",1980-10-23,NA,"Man Ray","American",NA,1980,1,5707,29,"Dada"
"Recent Acquisitions: Drawings",1981-03-19,1981-06-02,"Man Ray","American",75,1981,2,5707,29,"Dada"
"A Century of Modern Drawing, 1881–1981",1982-03-01,1982-03-16,"Man Ray","American",15,1982,2,5707,29,"Dada"
"The Modern Drawing: 100 Works on Paper from The Museum of Modern Art",1983-10-26,1984-01-03,"Man Ray","American",69,1983,1,5707,29,"Dada"
"Selections from the Permanent Collection: Painting and Sculpture",1984-05-17,NA,"Man Ray","American",NA,1984,3,5707,29,"Dada"
"Self Portrait: The Photographer's Persona, 1840–1985",1985-11-07,1986-01-07,"Man Ray","American",61,1985,1,5707,29,"Dada"
"Picturing ""Greatness""",1988-01-14,1988-04-17,"Man Ray","American",94,1988,1,5707,29,"Dada"
"Master Prints from the Collection",1989-04-06,1989-08-08,"Man Ray","American",124,1989,1,5707,29,"Dada"
"German Painting and Sculpture",1931-03-12,1931-04-22,"Otto Dix","German",41,1931,1,5664,33,"New Objectivity"
"Summer Exhibition: Painting and Sculpture",1932-06-07,1932-10-30,"Otto Dix","German",145,1932,1,5664,33,"New Objectivity"
"The War: Etchings by Otto Dix",1934-07-30,1934-09-13,"Otto Dix","German",45,1934,2,5664,33,"New Objectivity"
"Summer Exhibition: The Museum Collection and a Private Collection on Loan",1935-06-04,1935-09-24,"Otto Dix","German",112,1935,1,5664,33,"New Objectivity"
"New Acquisitions: The Collection of Mrs. John D. Rockefeller, Jr.",1936-01-14,1936-02-16,"Otto Dix","German",33,1936,2,5664,33,"New Objectivity"
"The War, Etchings by Otto Dix and Armored Train, a Painting by Gino Severini",1937-09-21,1937-10-19,"Otto Dix","German",28,1937,2,5664,33,"New Objectivity"
"Paintings and Sculpture from the Museum Collection",1940-01-12,1940-03-03,"Otto Dix","German",51,1940,2,5664,33,"New Objectivity"
"Painting and Sculpture from the Museum Collection",1941-04-30,1941-05-06,"Otto Dix","German",6,1941,1,5664,33,"New Objectivity"
"Twentieth Century Portraits",1942-12-09,1943-01-24,"Otto Dix","German",46,1942,1,5664,33,"New Objectivity"
"The Museum Collection of Painting and Sculpture",1945-06-20,1946-02-13,"Otto Dix","German",238,1945,1,5664,33,"New Objectivity"
"The Museum Collection of Painting",1946-02-19,1946-05-05,"Otto Dix","German",75,1946,2,5664,33,"New Objectivity"
"New Acquisitions",1948-01-13,1948-03-21,"Otto Dix","German",68,1948,2,5664,33,"New Objectivity"
"Master Prints from the Museum Collection",1949-05-10,1949-07-10,"Otto Dix","German",61,1949,1,5664,33,"New Objectivity"
"Painting and Sculpture from the Museum Collection",1950-08-29,1950-10-15,"Otto Dix","German",47,1950,1,5664,33,"New Objectivity"
"Recent Acquisitions",1952-05-06,1952-06-08,"Otto Dix","German",33,1952,1,5664,33,"New Objectivity"
"Summer Exhibition: New Acquisitions; Recent American Prints, 1947–1953; Katherine S. Dreier Bequest; Kuniyoshi and Spencer; Expressionism in Germany; Varieties of Realism",1953-06-23,1953-10-04,"Otto Dix","German",103,1953,1,5664,33,"New Objectivity"
"Faces and Figures: Drawings from the Collection of The Museum of Modern Art",1954-04-21,1954-06-06,"Otto Dix","German",46,1954,3,5664,33,"New Objectivity"
"Prints from Europe and Japan; Etchings by Matisse",1955-05-04,1955-05-31,"Otto Dix","German",27,1955,2,5664,33,"New Objectivity"
"German Art of the 20th Century",1957-10-02,1957-12-01,"Otto Dix","German",60,1957,2,5664,33,"New Objectivity"
"Portraits from the Museum Collection",1960-05-04,1960-09-18,"Otto Dix","German",137,1960,2,5664,33,"New Objectivity"
"Fifty Drawings: Recent Acquisitions",1962-04-10,1962-08-12,"Otto Dix","German",124,1962,1,5664,33,"New Objectivity"
"Drawings from the Museum Collections: A Selection",1964-05-27,1965-03-23,"Otto Dix","German",300,1964,1,5664,33,"New Objectivity"
"20 Drawings: New Acquisitions",1966-08-02,1966-10-02,"Otto Dix","German",61,1966,2,5664,33,"New Objectivity"
"The Artist as His Subject",1967-04-28,1967-04-30,"Otto Dix","German",2,1967,2,5664,33,"New Objectivity"
"Dada, Surrealism and their Heritage",1968-03-27,1968-06-09,"Otto Dix","German",74,1968,2,5664,33,"New Objectivity"
"Painting and Sculpture from the Museum Collection",1969-11-05,NA,"Otto Dix","German",NA,1969,1,5664,33,"New Objectivity"
"The Nude: Thirty 20th-Century Drawings",1970-11-10,1971-04-21,"Otto Dix","German",162,1970,1,5664,33,"New Objectivity"
"A Selection of Drawings and Watercolors from the Museum Collection",1971-05-11,1971-10-19,"Otto Dix","German",161,1971,2,5664,33,"New Objectivity"
"Prints for Collectors",1972-06-26,1972-09-15,"Otto Dix","German",81,1972,2,5664,33,"New Objectivity"
"Works on Paper",1973-03-07,1973-06-04,"Otto Dix","German",89,1973,3,5664,33,"New Objectivity"
"German Drawing: The Expressionists",1974-08-30,1974-11-10,"Otto Dix","German",72,1974,1,5664,33,"New Objectivity"
"In the Twenties",1975-03-21,1975-06-15,"Otto Dix","German",86,1975,1,5664,33,"New Objectivity"
"Cubism and Its Affinities",1976-02-09,1976-05-09,"Otto Dix","German",90,1976,4,5664,33,"New Objectivity"
"Artists and Writers",1978-07-10,1978-10-03,"Otto Dix","German",85,1978,2,5664,33,"New Objectivity"
"Art of the Twenties",1979-11-14,1980-01-22,"Otto Dix","German",69,1979,1,5664,33,"New Objectivity"
"A Century of Modern Drawing, 1881–1981",1982-03-01,1982-03-16,"Otto Dix","German",15,1982,1,5664,33,"New Objectivity"
"Prints from Blocks: Gauguin to Now",1983-03-03,1983-05-15,"Otto Dix","German",73,1983,2,5664,33,"New Objectivity"
"Selections from the Permanent Collection: Painting and Sculpture",1984-05-17,NA,"Otto Dix","German",NA,1984,3,5664,33,"New Objectivity"
"The Expressionist Idiom",1985-05-06,1985-12-18,"Otto Dix","German",226,1985,2,5664,33,"New Objectivity"
"Naked/Nude",1986-05-29,1986-09-30,"Otto Dix","German",124,1986,1,5664,33,"New Objectivity"
"European Drawing Between the Wars",1987-10-24,1988-03-01,"Otto Dix","German",129,1987,2,5664,33,"New Objectivity"
"Watercolors: Selections from the Permanent Collection",1989-03-16,1989-07-04,"Otto Dix","German",110,1989,2,5664,33,"New Objectivity"
"Painting in Paris",1930-01-19,1930-03-02,"Pablo Picasso","Spanish",42,1930,2,16869,1,"Cubism"
"Memorial Exhibition: The Collection of the Late Lillie P. Bliss",1931-05-17,1931-10-06,"Pablo Picasso","Spanish",142,1931,1,16869,1,"Cubism"
"Summer Exhibition: Painting and Sculpture",1932-06-07,1932-10-30,"Pablo Picasso","Spanish",145,1932,2,16869,1,"Cubism"
"Summer Exhibition: Painting and Sculpture",1933-07-10,1933-09-30,"Pablo Picasso","Spanish",82,1933,3,16869,1,"Cubism"
"International Exhibition of Theatre Art",1934-01-15,1934-02-25,"Pablo Picasso","Spanish",41,1934,4,16869,1,"Cubism"
"Summer Exhibition: The Museum Collection and a Private Collection on Loan",1935-06-04,1935-09-24,"Pablo Picasso","Spanish",112,1935,1,16869,1,"Cubism"
"New Acquisitions: The Collection of Mrs. John D. Rockefeller, Jr.",1936-01-14,1936-02-16,"Pablo Picasso","Spanish",33,1936,4,16869,1,"Cubism"
"Summer Exhibition: Painting and Sculpture from the Museum Collection and on Loan",1937-06-23,1937-11-04,"Pablo Picasso","Spanish",134,1937,2,16869,1,"Cubism"
"Painting, Sculpture, Prints",1939-05-10,1939-09-30,"Pablo Picasso","Spanish",143,1939,2,16869,1,"Cubism"
"Visual Analysis of the Painting by Picasso - Seated Man - 1911",1940-01-01,1940-01-30,"Pablo Picasso","Spanish",29,1940,5,16869,1,"Cubism"
"New Acquisitions: A Gift of Paintings from a Trustee",1941-05-06,1941-10-15,"Pablo Picasso","Spanish",162,1941,8,16869,1,"Cubism"
"New Acquisitions and Extended Loans: Cubist and Abstract Art",1942-03-25,1942-05-03,"Pablo Picasso","Spanish",39,1942,3,16869,1,"Cubism"
"Guernica",1943-07-26,NA,"Pablo Picasso","Spanish",NA,1943,1,16869,1,"Cubism"
"Modern Drawings",1944-02-16,1944-05-10,"Pablo Picasso","Spanish",84,1944,6,16869,1,"Cubism"
"Recent Acquisitions",1945-02-15,1945-03-18,"Pablo Picasso","Spanish",31,1945,5,16869,1,"Cubism"
"Recent Acquisitions in Painting and Sculpture",1946-02-06,1946-02-24,"Pablo Picasso","Spanish",18,1946,9,16869,1,"Cubism"
"46 Recent Lithographs by Picasso",1947-01-28,1947-04-06,"Pablo Picasso","Spanish",68,1947,4,16869,1,"Cubism"
"Portraits of Gertrude Stein by Picasso",1948-01-22,1948-03-12,"Pablo Picasso","Spanish",50,1948,7,16869,1,"Cubism"
"Pictures for Children Aged 3–12 Years",1949-03-18,1949-04-17,"Pablo Picasso","Spanish",30,1949,6,16869,1,"Cubism"
"Picasso, The Sculptor's Studio",1950-01-24,1950-03-19,"Pablo Picasso","Spanish",54,1950,6,16869,1,"Cubism"
"From the Alfred Stieglitz Collection: An Extended Loan from the Metropolitan Museum of Art",1951-05-22,1951-08-12,"Pablo Picasso","Spanish",82,1951,4,16869,1,"Cubism"
"Masterworks Acquired through the Mrs. Simon Guggenheim Fund",1952-01-29,1952-03-23,"Pablo Picasso","Spanish",54,1952,8,16869,1,"Cubism"
"New Acquisitions",1953-02-11,1953-03-15,"Pablo Picasso","Spanish",32,1953,3,16869,1,"Cubism"
"Faces and Figures: Drawings from the Collection of The Museum of Modern Art",1954-04-21,1954-06-06,"Pablo Picasso","Spanish",46,1954,3,16869,1,"Cubism"
"Painting and Sculpture from the Museum Collection: New Acquisitions",1955-03-05,1955-04-24,"Pablo Picasso","Spanish",50,1955,6,16869,1,"Cubism"
"Textiles U.S.A.",1956-08-29,1956-11-04,"Pablo Picasso","Spanish",67,1956,2,16869,1,"Cubism"
"Drawings Recently Acquired for the Museum Collection",1957-01-29,1957-02-24,"Pablo Picasso","Spanish",26,1957,3,16869,1,"Cubism"
"50 Selections from the Collection of Mr. and Mrs. Walter Bareiss",1958-04-23,1958-05-18,"Pablo Picasso","Spanish",25,1958,4,16869,1,"Cubism"
"Drawings, Watercolors, Collages: New Acquisitions",1959-07-15,1959-10-15,"Pablo Picasso","Spanish",92,1959,2,16869,1,"Cubism"
"Art Lending Service Retrospective",1960-01-27,1960-03-20,"Pablo Picasso","Spanish",53,1960,7,16869,1,"Cubism"
"Painting and Sculpture from the James Thrall Soby Collection",1961-02-01,1961-03-04,"Pablo Picasso","Spanish",31,1961,4,16869,1,"Cubism"
"Fifty Drawings: Recent Acquisitions",1962-04-10,1962-08-12,"Pablo Picasso","Spanish",124,1962,3,16869,1,"Cubism"
"60 Modern Drawings: Recent Acquisitions",1963-08-06,1963-09-29,"Pablo Picasso","Spanish",54,1963,1,16869,1,"Cubism"
"Painting and Sculpture from the Museum Collection",1964-05-27,NA,"Pablo Picasso","Spanish",NA,1964,3,16869,1,"Cubism"
"Recent Acquisitions: Painting and Sculpture",1965-02-16,1965-04-25,"Pablo Picasso","Spanish",68,1965,6,16869,1,"Cubism"
"Paul J. Sachs Gallery Print Re-installation",1966-03-03,NA,"Pablo Picasso","Spanish",NA,1966,4,16869,1,"Cubism"
"Members Collect",1967-03-27,1967-05-25,"Pablo Picasso","Spanish",59,1967,5,16869,1,"Cubism"
"Five Sculptures from the Museum Collection",1968-01-08,1968-03-03,"Pablo Picasso","Spanish",55,1968,5,16869,1,"Cubism"
"Julio Gonzalez",1969-01-21,1969-03-18,"Pablo Picasso","Spanish",56,1969,4,16869,1,"Cubism"
"Mrs. Simon Guggenheim, 1877–1970: In Memoriam",1970-02-25,1970-03-17,"Pablo Picasso","Spanish",20,1970,5,16869,1,"Cubism"
"Recent Acquisitions: 20th-Century Pioneers",1971-03-13,1971-04-26,"Pablo Picasso","Spanish",44,1971,3,16869,1,"Cubism"
"Picasso in the Collection of The Museum of Modern Art",1972-02-03,1972-04-02,"Pablo Picasso","Spanish",59,1972,3,16869,1,"Cubism"
"Works on Paper",1973-03-07,1973-06-04,"Pablo Picasso","Spanish",89,1973,6,16869,1,"Cubism"
"Recent Acquisitions: Painting and Sculpture",1974-03-01,1974-03-24,"Pablo Picasso","Spanish",23,1974,4,16869,1,"Cubism"
"Prints by Sculptors",1975-05-21,1975-09-01,"Pablo Picasso","Spanish",103,1975,4,16869,1,"Cubism"
"Cubism and Its Affinities",1976-02-09,1976-05-09,"Pablo Picasso","Spanish",90,1976,7,16869,1,"Cubism"
"Posters by Painters",1977-01-21,1977-03-23,"Pablo Picasso","Spanish",61,1977,4,16869,1,"Cubism"
"A Treasury of Modern Drawing: The Joan and Lester Avnet Collection",1978-04-28,1978-07-04,"Pablo Picasso","Spanish",67,1978,2,16869,1,"Cubism"
"The James Thrall Soby Bequest",1979-03-22,1979-05-09,"Pablo Picasso","Spanish",48,1979,3,16869,1,"Cubism"
"Selection From Art Lending Service",1980-03-23,1980-05-12,"Pablo Picasso","Spanish",50,1980,4,16869,1,"Cubism"
"Recent Acquisitions: Drawings",1981-03-19,1981-06-02,"Pablo Picasso","Spanish",75,1981,4,16869,1,"Cubism"
"A Century of Modern Drawing, 1881–1981",1982-03-01,1982-03-16,"Pablo Picasso","Spanish",15,1982,1,16869,1,"Cubism"
"Prints from Blocks: Gauguin to Now",1983-03-03,1983-05-15,"Pablo Picasso","Spanish",73,1983,3,16869,1,"Cubism"
"Selections from the Permanent Collection: Painting and Sculpture",1984-05-17,NA,"Pablo Picasso","Spanish",NA,1984,4,16869,1,"Cubism"
"The Expressionist Idiom",1985-05-06,1985-12-18,"Pablo Picasso","Spanish",226,1985,2,16869,1,"Cubism"
"Sculptors' Drawings",1986-04-26,1986-09-02,"Pablo Picasso","Spanish",129,1986,2,16869,1,"Cubism"
"Drawings Acquisitions",1987-01-24,1987-06-14,"Pablo Picasso","Spanish",141,1987,6,16869,1,"Cubism"
"Collage: Selections from the Permanent Collection",1988-11-03,1989-02-28,"Pablo Picasso","Spanish",117,1988,2,16869,1,"Cubism"
"Watercolors: Selections from the Permanent Collection",1989-03-16,1989-07-04,"Pablo Picasso","Spanish",110,1989,6,16869,1,"Cubism"
"Cézanne, Gauguin, Seurat, Van Gogh",1929-11-07,1929-12-07,"Paul Gauguin","French",30,1929,1,5442,34,"Post-Impressionism"
"Summer Exhibition: Painting and Sculpture",1930-06-15,1930-09-28,"Paul Gauguin","French",105,1930,1,5442,34,"Post-Impressionism"
"Memorial Exhibition: The Collection of the Late Lillie P. Bliss",1931-05-17,1931-10-06,"Paul Gauguin","French",142,1931,1,5442,34,"Post-Impressionism"
"Summer Exhibition: Painting and Sculpture",1932-06-07,1932-10-30,"Paul Gauguin","French",145,1932,2,5442,34,"Post-Impressionism"
"Summer Exhibition: Painting and Sculpture",1933-07-10,1933-09-30,"Paul Gauguin","French",82,1933,3,5442,34,"Post-Impressionism"
"The Lillie P. Bliss Collection, 1934",1934-05-14,1934-09-12,"Paul Gauguin","French",121,1934,3,5442,34,"Post-Impressionism"
"Summer Exhibition: The Museum Collection and a Private Collection on Loan",1935-06-04,1935-09-24,"Paul Gauguin","French",112,1935,1,5442,34,"Post-Impressionism"
"Cubism and Abstract Art",1936-03-02,1936-04-19,"Paul Gauguin","French",48,1936,1,5442,34,"Post-Impressionism"
"Summer Exhibition: Painting and Sculpture from the Museum Collection and on Loan",1937-06-23,1937-11-04,"Paul Gauguin","French",134,1937,1,5442,34,"Post-Impressionism"
"Painting, Sculpture, Prints",1939-05-10,1939-09-30,"Paul Gauguin","French",143,1939,1,5442,34,"Post-Impressionism"
"Paintings and Sculpture from the Museum Collection",1940-01-12,1940-03-03,"Paul Gauguin","French",51,1940,4,5442,34,"Post-Impressionism"
"Painting and Sculpture from the Museum Collection",1941-04-30,1941-05-06,"Paul Gauguin","French",6,1941,4,5442,34,"Post-Impressionism"
"How Modern Artists Paint People",1942-09-22,1942-10-13,"Paul Gauguin","French",21,1942,1,5442,34,"Post-Impressionism"
"Modern Drawings",1944-02-16,1944-05-10,"Paul Gauguin","French",84,1944,2,5442,34,"Post-Impressionism"
"What is Modern Painting?",1945-03-06,1945-03-25,"Paul Gauguin","French",19,1945,2,5442,34,"Post-Impressionism"
"The Museum Collection of Painting",1946-02-19,1946-05-05,"Paul Gauguin","French",75,1946,3,5442,34,"Post-Impressionism"
"Pictures for Children Aged 3–12 Years",1949-03-18,1949-04-17,"Paul Gauguin","French",30,1949,4,5442,34,"Post-Impressionism"
"Three Modern Styles",1950-07-11,1950-09-05,"Paul Gauguin","French",56,1950,1,5442,34,"Post-Impressionism"
"Selections from 5 New York Private Collections",1951-06-26,1951-09-09,"Paul Gauguin","French",75,1951,1,5442,34,"Post-Impressionism"
"French Paintings from the Molyneux Collection",1952-06-24,1952-09-07,"Paul Gauguin","French",75,1952,3,5442,34,"Post-Impressionism"
"Edward G. Robinson Collection",1953-03-03,1953-04-12,"Paul Gauguin","French",40,1953,1,5442,34,"Post-Impressionism"
"XXVth Anniversary Exhibition: Paintings from the Museum Collection",1954-10-19,1955-02-06,"Paul Gauguin","French",110,1954,2,5442,34,"Post-Impressionism"
"Fifteen Paintings by French Masters of the 19th Century from the Louvre and the Museums of Albi and Lyon",1955-02-25,1955-04-24,"Paul Gauguin","French",58,1955,3,5442,34,"Post-Impressionism"
"Renoir's Reclining Nude",1956-06-24,NA,"Paul Gauguin","French",NA,1956,1,5442,34,"Post-Impressionism"
"Works of Art: Given or Promised",1958-10-08,1958-11-09,"Paul Gauguin","French",32,1958,1,5442,34,"Post-Impressionism"
"Art Nouveau",1960-06-08,1960-09-06,"Paul Gauguin","French",90,1960,1,5442,34,"Post-Impressionism"
"The Mrs. Adele R. Levy Collection: A Memorial Exhibition",1961-06-09,1961-07-16,"Paul Gauguin","French",37,1961,2,5442,34,"Post-Impressionism"
"Painting and Sculpture from the Museum Collection",1964-05-27,NA,"Paul Gauguin","French",NA,1964,1,5442,34,"Post-Impressionism"
"Paul J. Sachs Gallery Print Re-installation",1966-03-03,NA,"Paul Gauguin","French",NA,1966,2,5442,34,"Post-Impressionism"
"Twentieth-Century Art from the Nelson Aldrich Rockefeller Collection",1969-05-28,1969-09-01,"Paul Gauguin","French",96,1969,2,5442,34,"Post-Impressionism"
"Symbolism, Synthesists, and the Fin-de-Siècle",1972-06-20,1972-10-10,"Paul Gauguin","French",112,1972,1,5442,34,"Post-Impressionism"
"Prints from the Collection",1976-05-14,1976-08-08,"Paul Gauguin","French",86,1976,2,5442,34,"Post-Impressionism"
"Extraordinary Men",1977-06-02,1977-07-17,"Paul Gauguin","French",45,1977,1,5442,34,"Post-Impressionism"
"Artists and Writers",1978-07-10,1978-10-03,"Paul Gauguin","French",85,1978,1,5442,34,"Post-Impressionism"
"Women of the Nineties: Fin-de-Siècle Prints",1979-11-28,1980-01-28,"Paul Gauguin","French",61,1979,1,5442,34,"Post-Impressionism"
"Masterpieces from the Collection: Selections from the Late Nineteenth- and Early Twentieth-Centuries",1980-10-25,1981-01-27,"Paul Gauguin","French",94,1980,2,5442,34,"Post-Impressionism"
"A Century of Modern Drawing, 1881–1981",1982-03-01,1982-03-16,"Paul Gauguin","French",15,1982,1,5442,34,"Post-Impressionism"
"Prints from Blocks: Gauguin to Now",1983-03-03,1983-05-15,"Paul Gauguin","French",73,1983,2,5442,34,"Post-Impressionism"
"Selections from the Permanent Collection: Painting and Sculpture",1984-05-17,NA,"Paul Gauguin","French",NA,1984,2,5442,34,"Post-Impressionism"
"The Expressionist Idiom",1985-05-06,1985-12-18,"Paul Gauguin","French",226,1985,1,5442,34,"Post-Impressionism"
"Naked/Nude",1986-05-29,1986-09-30,"Paul Gauguin","French",124,1986,1,5442,34,"Post-Impressionism"
"Gaugin and his Circle in Brittany: The Prints of the Pont-Aven School",1987-05-22,1987-07-26,"Paul Gauguin","French",65,1987,2,5442,34,"Post-Impressionism"
"Watercolors: Selections from the Permanent Collection",1989-03-16,1989-07-04,"Paul Gauguin","French",110,1989,3,5442,34,"Post-Impressionism"
"Weber, Klee, Lehmbruck, Maillol",1930-03-12,1930-04-02,"Paul Klee","German",21,1930,2,9663,3,"Der Blau Reiter"
"German Painting and Sculpture",1931-03-12,1931-04-22,"Paul Klee","German",41,1931,1,9663,3,"Der Blau Reiter"
"Summer Exhibition: Painting and Sculpture",1932-06-07,1932-10-30,"Paul Klee","German",145,1932,2,9663,3,"Der Blau Reiter"
"Summer Exhibition: Painting and Sculpture",1933-07-10,1933-09-30,"Paul Klee","German",82,1933,2,9663,3,"Der Blau Reiter"
"New Acquisitions: Lachaise Torso; Prints",1934-07-11,1934-09-13,"Paul Klee","German",64,1934,3,9663,3,"Der Blau Reiter"
"Summer Exhibition: The Museum Collection and a Private Collection on Loan",1935-06-04,1935-09-24,"Paul Klee","German",112,1935,1,9663,3,"Der Blau Reiter"
"New Acquisitions: The Collection of Mrs. John D. Rockefeller, Jr.",1936-01-14,1936-02-16,"Paul Klee","German",33,1936,3,9663,3,"Der Blau Reiter"
"Twelve Modern Paintings",1937-04-28,1937-05-30,"Paul Klee","German",32,1937,1,9663,3,"Der Blau Reiter"
"Painting, Sculpture, Prints",1939-05-10,1939-09-30,"Paul Klee","German",143,1939,1,9663,3,"Der Blau Reiter"
"Painting and Sculpture from the Museum Collection",1941-04-30,1941-05-06,"Paul Klee","German",6,1941,6,9663,3,"Der Blau Reiter"
"Children's Festival of Modern Art",1942-03-11,1942-05-10,"Paul Klee","German",60,1942,1,9663,3,"Der Blau Reiter"
"Modern Drawings",1944-02-16,1944-05-10,"Paul Klee","German",84,1944,3,9663,3,"Der Blau Reiter"
"Recent Acquisitions",1945-02-15,1945-03-18,"Paul Klee","German",31,1945,4,9663,3,"Der Blau Reiter"
"Recent Acquisitions in Painting and Sculpture",1946-02-06,1946-02-24,"Paul Klee","German",18,1946,6,9663,3,"Der Blau Reiter"
"New York Private Collections",1948-07-20,1948-09-12,"Paul Klee","German",54,1948,3,9663,3,"Der Blau Reiter"
"Pictures for Children Aged 3–12 Years",1949-03-18,1949-04-17,"Paul Klee","German",30,1949,4,9663,3,"Der Blau Reiter"
"Recent Acquisitions",1950-01-31,1950-05-07,"Paul Klee","German",96,1950,2,9663,3,"Der Blau Reiter"
"Selections from 5 New York Private Collections",1951-06-26,1951-09-09,"Paul Klee","German",75,1951,1,9663,3,"Der Blau Reiter"
"Recent Acquisitions",1952-05-06,1952-06-08,"Paul Klee","German",33,1952,2,9663,3,"Der Blau Reiter"
"Summer Exhibition: New Acquisitions; Recent American Prints, 1947–1953; Katherine S. Dreier Bequest; Kuniyoshi and Spencer; Expressionism in Germany; Varieties of Realism",1953-06-23,1953-10-04,"Paul Klee","German",103,1953,1,9663,3,"Der Blau Reiter"
"Prints by Paul Klee",1954-07-07,1954-09-19,"Paul Klee","German",74,1954,3,9663,3,"Der Blau Reiter"
"Painting and Sculpture from the Museum Collection: New Acquisitions",1955-03-05,1955-04-24,"Paul Klee","German",50,1955,3,9663,3,"Der Blau Reiter"
"Drawings Recently Acquired for the Museum Collection",1957-01-29,1957-02-24,"Paul Klee","German",26,1957,3,9663,3,"Der Blau Reiter"
"50 Selections from the Collection of Mr. and Mrs. Walter Bareiss",1958-04-23,1958-05-18,"Paul Klee","German",25,1958,5,9663,3,"Der Blau Reiter"
"Fifty Modern Paintings and Sculpture Especially Donated for the Benefit of the 30th Anniversary Fund of The Museum of Modern Art",1960-04-20,NA,"Paul Klee","German",NA,1960,4,9663,3,"Der Blau Reiter"
"Painting and Sculpture from the James Thrall Soby Collection",1961-02-01,1961-03-04,"Paul Klee","German",31,1961,2,9663,3,"Der Blau Reiter"
"Lettering by Hand",1962-11-06,1963-01-06,"Paul Klee","German",61,1962,1,9663,3,"Der Blau Reiter"
"60 Modern Drawings: Recent Acquisitions",1963-08-06,1963-09-29,"Paul Klee","German",54,1963,1,9663,3,"Der Blau Reiter"
"Painting and Sculpture from the Museum Collection",1964-05-27,NA,"Paul Klee","German",NA,1964,2,9663,3,"Der Blau Reiter"
"Recent Acquisitions: Painting and Sculpture",1965-02-16,1965-04-25,"Paul Klee","German",68,1965,2,9663,3,"Der Blau Reiter"
"Drawings from the Museum Collection",1966-10-31,1967-05-08,"Paul Klee","German",189,1966,2,9663,3,"Der Blau Reiter"
"Members Collect",1967-03-27,1967-05-25,"Paul Klee","German",59,1967,2,9663,3,"Der Blau Reiter"
"The Sidney and Harriet Janis Collection",1968-01-17,1968-03-04,"Paul Klee","German",47,1968,4,9663,3,"Der Blau Reiter"
"Drawings: Recent Acquisitions",1969-02-18,1969-03-30,"Paul Klee","German",40,1969,4,9663,3,"Der Blau Reiter"
"Recent Acquisitons VI",1970-06-05,1970-09-13,"Paul Klee","German",100,1970,1,9663,3,"Der Blau Reiter"
"A Selection of Drawings and Watercolors from the Museum Collection",1971-05-11,1971-10-19,"Paul Klee","German",161,1971,3,9663,3,"Der Blau Reiter"
"Permanent Collection",1972-03-29,NA,"Paul Klee","German",NA,1972,2,9663,3,"Der Blau Reiter"
"Works on Paper",1973-03-07,1973-06-04,"Paul Klee","German",89,1973,2,9663,3,"Der Blau Reiter"
"Gods, Heroes, and Shepherds",1974-08-23,1974-11-10,"Paul Klee","German",79,1974,2,9663,3,"Der Blau Reiter"
"Points of View",1975-03-07,1975-06-08,"Paul Klee","German",93,1975,2,9663,3,"Der Blau Reiter"
"Cubism and Its Affinities",1976-02-09,1976-05-09,"Paul Klee","German",90,1976,5,9663,3,"Der Blau Reiter"
"A Treasury of Modern Drawing: The Joan and Lester Avnet Collection",1978-04-28,1978-07-04,"Paul Klee","German",67,1978,2,9663,3,"Der Blau Reiter"
"Paul Klee Centennial: Prints and Transfer Drawings",1979-01-08,1979-04-03,"Paul Klee","German",85,1979,3,9663,3,"Der Blau Reiter"
"Masterpieces from the Collection: Selections from the Late Nineteenth- and Early Twentieth-Centuries",1980-10-25,1981-01-27,"Paul Klee","German",94,1980,2,9663,3,"Der Blau Reiter"
"Recent Acquisitions: Drawings",1981-03-19,1981-06-02,"Paul Klee","German",75,1981,2,9663,3,"Der Blau Reiter"
"A Century of Modern Drawing, 1881–1981",1982-03-01,1982-03-16,"Paul Klee","German",15,1982,1,9663,3,"Der Blau Reiter"
"The Modern Drawing: 100 Works on Paper from The Museum of Modern Art",1983-10-26,1984-01-03,"Paul Klee","German",69,1983,1,9663,3,"Der Blau Reiter"
"Selections from the Permanent Collection: Painting and Sculpture",1984-05-17,NA,"Paul Klee","German",NA,1984,3,9663,3,"Der Blau Reiter"
"The Expressionist Idiom",1985-05-06,1985-12-18,"Paul Klee","German",226,1985,3,9663,3,"Der Blau Reiter"
"Naked/Nude",1986-05-29,1986-09-30,"Paul Klee","German",124,1986,1,9663,3,"Der Blau Reiter"
"Paul Klee",1987-02-04,1987-05-05,"Paul Klee","German",90,1987,5,9663,3,"Der Blau Reiter"
"Abstractions",1988-11-17,1989-03-26,"Paul Klee","German",129,1988,1,9663,3,"Der Blau Reiter"
"Watercolors: Selections from the Permanent Collection",1989-03-16,1989-07-04,"Paul Klee","German",110,1989,4,9663,3,"Der Blau Reiter"
"Painting in Paris",1930-01-19,1930-03-02,"Pierre Bonnard","French",42,1930,1,5309,38,"Nabis"
"Summer Exhibition: Painting and Sculpture",1932-06-07,1932-10-30,"Pierre Bonnard","French",145,1932,2,5309,38,"Nabis"
"Summer Exhibition: Painting and Sculpture",1933-07-10,1933-09-30,"Pierre Bonnard","French",82,1933,3,5309,38,"Nabis"
"Color Reproductions: Modern Watercolors and Pastels",1934-08-13,1934-09-21,"Pierre Bonnard","French",39,1934,2,5309,38,"Nabis"
"Modern Painters and Sculptors as Illustrators",1936-04-27,1936-09-02,"Pierre Bonnard","French",128,1936,1,5309,38,"Nabis"
"Summer Exhibition: Painting and Sculpture from the Museum Collection and on Loan",1937-06-23,1937-11-04,"Pierre Bonnard","French",134,1937,1,5309,38,"Nabis"
"Painting, Sculpture, Prints",1939-05-10,1939-09-30,"Pierre Bonnard","French",143,1939,1,5309,38,"Nabis"
"New Acquisitions: A Gift of Paintings from a Trustee",1941-05-06,1941-10-15,"Pierre Bonnard","French",162,1941,1,5309,38,"Nabis"
"Twentieth Century Portraits",1942-12-09,1943-01-24,"Pierre Bonnard","French",46,1942,1,5309,38,"Nabis"
"Modern Drawings",1944-02-16,1944-05-10,"Pierre Bonnard","French",84,1944,3,5309,38,"Nabis"
"What is Modern Painting?",1945-03-06,1945-03-25,"Pierre Bonnard","French",19,1945,2,5309,38,"Nabis"
"The Museum Collection of Painting",1946-02-19,1946-05-05,"Pierre Bonnard","French",75,1946,3,5309,38,"Nabis"
"Large-Scale Modern Paintings",1947-04-01,1947-05-04,"Pierre Bonnard","French",33,1947,1,5309,38,"Nabis"
"Pierre Bonnard",1948-05-10,1948-09-06,"Pierre Bonnard","French",119,1948,4,5309,38,"Nabis"
"Master Prints from the Museum Collection",1949-05-10,1949-07-10,"Pierre Bonnard","French",61,1949,2,5309,38,"Nabis"
"Selections from 5 New York Private Collections",1951-06-26,1951-09-09,"Pierre Bonnard","French",75,1951,1,5309,38,"Nabis"
"French Paintings from the Molyneux Collection",1952-06-24,1952-09-07,"Pierre Bonnard","French",75,1952,1,5309,38,"Nabis"
"Edward G. Robinson Collection",1953-03-03,1953-04-12,"Pierre Bonnard","French",40,1953,1,5309,38,"Nabis"
"XXVth Anniversary Exhibition: Paintings from the Museum Collection",1954-10-19,1955-02-06,"Pierre Bonnard","French",110,1954,2,5309,38,"Nabis"
"Paintings from Private Collections",1955-05-31,1955-09-07,"Pierre Bonnard","French",99,1955,2,5309,38,"Nabis"
"50 Selections from the Collection of Mr. and Mrs. Walter Bareiss",1958-04-23,1958-05-18,"Pierre Bonnard","French",25,1958,2,5309,38,"Nabis"
"Art Nouveau",1960-06-08,1960-09-06,"Pierre Bonnard","French",90,1960,1,5309,38,"Nabis"
"Painting and Sculpture from the James Thrall Soby Collection",1961-02-01,1961-03-04,"Pierre Bonnard","French",31,1961,2,5309,38,"Nabis"
"Lettering by Hand",1962-11-06,1963-01-06,"Pierre Bonnard","French",61,1962,1,5309,38,"Nabis"
"Painting and Sculpture from the Museum Collection",1964-05-27,NA,"Pierre Bonnard","French",NA,1964,3,5309,38,"Nabis"
"The School of Paris: Paintings from the Florence May Schoenborn and Samuel A. Marx Collection",1965-11-02,1966-01-02,"Pierre Bonnard","French",61,1965,1,5309,38,"Nabis"
"Paul J. Sachs Gallery Print Re-installation",1966-03-03,NA,"Pierre Bonnard","French",NA,1966,1,5309,38,"Nabis"
"The Artist as His Subject",1967-04-28,1967-04-30,"Pierre Bonnard","French",2,1967,2,5309,38,"Nabis"
"Word and Image: Posters and Typography from the Graphic Design Collection of the Museum of Modern Art, 1879–1967",1968-01-25,1968-03-10,"Pierre Bonnard","French",45,1968,1,5309,38,"Nabis"
"Twentieth-Century Art from the Nelson Aldrich Rockefeller Collection",1969-05-28,1969-09-01,"Pierre Bonnard","French",96,1969,2,5309,38,"Nabis"
"Four Americans in Paris: The Collections of Gertrude Stein and her Family",1970-12-19,1971-03-01,"Pierre Bonnard","French",72,1970,1,5309,38,"Nabis"
"Symbolism, Synthesists, and the Fin-de-Siècle",1972-06-20,1972-10-10,"Pierre Bonnard","French",112,1972,1,5309,38,"Nabis"
"Recent Acquisitions, 1968–1973",1973-06-15,1973-09-25,"Pierre Bonnard","French",102,1973,1,5309,38,"Nabis"
"Seurat to Matisse: Drawing in France",1974-06-13,1974-09-08,"Pierre Bonnard","French",87,1974,2,5309,38,"Nabis"
"Points of View",1975-03-07,1975-06-08,"Pierre Bonnard","French",93,1975,2,5309,38,"Nabis"
"Prints from the Collection",1976-05-14,1976-08-08,"Pierre Bonnard","French",86,1976,2,5309,38,"Nabis"
"Impresario: Ambroise Vollard",1977-06-06,1977-09-06,"Pierre Bonnard","French",92,1977,1,5309,38,"Nabis"
"Gifts of Drawing",1979-08-09,1979-11-13,"Pierre Bonnard","French",96,1979,3,5309,38,"Nabis"
"Selections from the Permanent Collection: Prints and Illustrated Books",1984-05-17,NA,"Pierre Bonnard","French",NA,1984,1,5309,38,"Nabis"
"Master Prints from the Collection",1987-11-20,1988-03-08,"Pierre Bonnard","French",109,1987,1,5309,38,"Nabis"
"The Modern Poster",1988-06-06,1988-09-06,"Pierre Bonnard","French",92,1988,1,5309,38,"Nabis"
"Master Prints from the Collection",1989-04-06,1989-08-08,"Pierre Bonnard","French",124,1989,2,5309,38,"Nabis"
"Summer Exhibition: Painting and Sculpture",1932-06-07,1932-10-30,"Piet Mondrian","Dutch",145,1932,2,5753,27,"De Stijl"
"Summer Exhibition: Painting and Sculpture",1933-07-10,1933-09-30,"Piet Mondrian","Dutch",82,1933,2,5753,27,"De Stijl"
"Modern Works of Art: 5th Anniversary Exhibition",1934-11-19,1935-01-20,"Piet Mondrian","Dutch",62,1934,1,5753,27,"De Stijl"
"Summer Exhibition: The Museum Collection and a Private Collection on Loan",1935-06-04,1935-09-24,"Piet Mondrian","Dutch",112,1935,1,5753,27,"De Stijl"
"Cubism and Abstract Art",1936-03-02,1936-04-19,"Piet Mondrian","Dutch",48,1936,1,5753,27,"De Stijl"
"New Acquisitions: Gifts of the Advisory Committee",1937-02-10,1937-03-07,"Piet Mondrian","Dutch",25,1937,2,5753,27,"De Stijl"
"Painting, Sculpture, Prints",1939-05-10,1939-09-30,"Piet Mondrian","Dutch",143,1939,1,5753,27,"De Stijl"
"Painting and Sculpture from the Museum Collection",1940-10-23,1941-01-12,"Piet Mondrian","Dutch",81,1940,1,5753,27,"De Stijl"
"Painting and Sculpture from the Museum Collection",1941-04-30,1941-05-06,"Piet Mondrian","Dutch",6,1941,2,5753,27,"De Stijl"
"Children's Festival of Modern Art",1942-03-11,1942-05-10,"Piet Mondrian","Dutch",60,1942,2,5753,27,"De Stijl"
"Recent Acquisitions: European and American Paintings and Rugs",1943-07-28,1943-09-26,"Piet Mondrian","Dutch",60,1943,1,5753,27,"De Stijl"
"Modern Drawings",1944-02-16,1944-05-10,"Piet Mondrian","Dutch",84,1944,3,5753,27,"De Stijl"
"What is Modern Painting?",1945-03-06,1945-03-25,"Piet Mondrian","Dutch",19,1945,3,5753,27,"De Stijl"
"The Museum Collection of Painting",1946-02-19,1946-05-05,"Piet Mondrian","Dutch",75,1946,4,5753,27,"De Stijl"
"Drawings in the Collection of The Museum of Modern Art",1947-04-15,1947-06-01,"Piet Mondrian","Dutch",47,1947,1,5753,27,"De Stijl"
"New York Private Collections",1948-07-20,1948-09-12,"Piet Mondrian","Dutch",54,1948,1,5753,27,"De Stijl"
"Recent Acquisitions",1949-05-03,1949-07-17,"Piet Mondrian","Dutch",75,1949,2,5753,27,"De Stijl"
"Recent Acquisitions",1950-03-28,1950-05-07,"Piet Mondrian","Dutch",40,1950,3,5753,27,"De Stijl"
"Selections from 5 New York Private Collections",1951-06-26,1951-09-09,"Piet Mondrian","Dutch",75,1951,1,5753,27,"De Stijl"
"De Stijl",1952-12-16,1953-02-15,"Piet Mondrian","Dutch",61,1952,1,5753,27,"De Stijl"
"Summer Exhibition: New Acquisitions; Recent American Prints, 1947–1953; Katherine S. Dreier Bequest; Kuniyoshi and Spencer; Expressionism in Germany; Varieties of Realism",1953-06-23,1953-10-04,"Piet Mondrian","Dutch",103,1953,1,5753,27,"De Stijl"
"XXVth Anniversary Exhibition: Paintings from the Museum Collection",1954-10-19,1955-02-06,"Piet Mondrian","Dutch",110,1954,1,5753,27,"De Stijl"
"Recent Acquisitions",1957-11-13,1958-01-05,"Piet Mondrian","Dutch",53,1957,1,5753,27,"De Stijl"
"Works of Art: Given or Promised",1958-10-08,1958-11-09,"Piet Mondrian","Dutch",32,1958,2,5753,27,"De Stijl"
"100 Drawings from the Museum Collection",1960-10-11,1961-01-02,"Piet Mondrian","Dutch",83,1960,1,5753,27,"De Stijl"
"60 Modern Drawings: Recent Acquisitions",1963-08-06,1963-09-29,"Piet Mondrian","Dutch",54,1963,1,5753,27,"De Stijl"
"Painting and Sculpture from the Museum Collection",1964-05-27,NA,"Piet Mondrian","Dutch",NA,1964,1,5753,27,"De Stijl"
"The Sidney and Harriet Janis Collection",1968-01-17,1968-03-04,"Piet Mondrian","Dutch",47,1968,1,5753,27,"De Stijl"
"Painting and Sculpture from the Museum Collection",1969-04-28,1969-11-04,"Piet Mondrian","Dutch",190,1969,3,5753,27,"De Stijl"
"A Selection of Drawings and Watercolors from the Museum Collection",1971-05-11,1971-10-19,"Piet Mondrian","Dutch",161,1971,2,5753,27,"De Stijl"
"Permanent Collection",1972-03-29,NA,"Piet Mondrian","Dutch",NA,1972,2,5753,27,"De Stijl"
"Drawings from the Kröller-Müller National Museum, Otterlo",1973-05-24,1973-08-19,"Piet Mondrian","Dutch",87,1973,1,5753,27,"De Stijl"
"Modern Masters: Manet to Matisse",1975-08-05,1975-09-28,"Piet Mondrian","Dutch",54,1975,1,5753,27,"De Stijl"
"Cubism and Its Affinities",1976-02-09,1976-05-09,"Piet Mondrian","Dutch",90,1976,4,5753,27,"De Stijl"
"The Graphic Revolution: 1915–1935",1977-08-05,1977-10-31,"Piet Mondrian","Dutch",87,1977,1,5753,27,"De Stijl"
"A Treasury of Modern Drawing: The Joan and Lester Avnet Collection",1978-04-28,1978-07-04,"Piet Mondrian","Dutch",67,1978,1,5753,27,"De Stijl"
"Art of the Twenties",1979-11-14,1980-01-22,"Piet Mondrian","Dutch",69,1979,1,5753,27,"De Stijl"
"Reinstallation of the Collection",1980-10-23,NA,"Piet Mondrian","Dutch",NA,1980,3,5753,27,"De Stijl"
"A Century of Modern Drawing, 1881–1981",1982-03-01,1982-03-16,"Piet Mondrian","Dutch",15,1982,2,5753,27,"De Stijl"
"Mondrian: New York Studio Compositions",1983-07-14,1983-09-27,"Piet Mondrian","Dutch",75,1983,2,5753,27,"De Stijl"
"Selections from the Permanent Collection: Painting and Sculpture",1984-05-17,NA,"Piet Mondrian","Dutch",NA,1984,3,5753,27,"De Stijl"
"Contrasts of Form: Geometric Abstract Art, 1910–1980",1985-10-02,1986-01-07,"Piet Mondrian","Dutch",97,1985,1,5753,27,"De Stijl"
"Drawings Acquisitions",1987-01-24,1987-06-14,"Piet Mondrian","Dutch",141,1987,2,5753,27,"De Stijl"
"Abstractions",1988-11-17,1989-03-26,"Piet Mondrian","Dutch",129,1988,2,5753,27,"De Stijl"
"Watercolors: Selections from the Permanent Collection",1989-03-16,1989-07-04,"Piet Mondrian","Dutch",110,1989,1,5753,27,"De Stijl"
"16 Americans",1959-12-16,1960-02-17,"Robert Rauschenberg","American",63,1959,1,7692,7,"Neo-Dada"
"The Art of Assemblage",1961-10-04,1961-11-12,"Robert Rauschenberg","American",39,1961,1,7692,7,"Neo-Dada"
"Painting and Sculpture from the Museum Collection",1964-05-27,NA,"Robert Rauschenberg","American",NA,1964,3,7692,7,"Neo-Dada"
"Recent Acquisitions: Painting and Sculpture",1965-02-16,1965-04-25,"Robert Rauschenberg","American",68,1965,3,7692,7,"Neo-Dada"
"The Object Transformed",1966-06-29,1966-09-05,"Robert Rauschenberg","American",68,1966,3,7692,7,"Neo-Dada"
"The Artist as His Subject",1967-06-06,1967-09-17,"Robert Rauschenberg","American",103,1967,3,7692,7,"Neo-Dada"
"Manhattan Observed",1968-03-22,1968-07-01,"Robert Rauschenberg","American",101,1968,3,7692,7,"Neo-Dada"
"Untitled Exhibition",1969-12-05,1970-03-22,"Robert Rauschenberg","American",107,1969,2,7692,7,"Neo-Dada"
"Pop Art Prints, Drawings, and Multiples",1970-05-23,1970-08-31,"Robert Rauschenberg","American",100,1970,3,7692,7,"Neo-Dada"
"Technics and Creativity: Selections from Gemini G.E.L.",1971-05-05,1971-07-06,"Robert Rauschenberg","American",62,1971,4,7692,7,"Neo-Dada"
"Drawn in America",1972-03-01,1972-05-29,"Robert Rauschenberg","American",89,1972,2,7692,7,"Neo-Dada"
"Works on Paper",1973-03-07,1973-06-04,"Robert Rauschenberg","American",89,1973,4,7692,7,"Neo-Dada"
"Printed, Cut, Folded, and Torn",1974-05-10,1974-08-11,"Robert Rauschenberg","American",93,1974,4,7692,7,"Neo-Dada"
"Printsequence",1975-10-03,1976-01-18,"Robert Rauschenberg","American",107,1975,2,7692,7,"Neo-Dada"
"Drawing Now: 1955–1975",1976-01-23,1976-03-09,"Robert Rauschenberg","American",46,1976,4,7692,7,"Neo-Dada"
"Posters by Painters",1977-01-21,1977-03-23,"Robert Rauschenberg","American",61,1977,5,7692,7,"Neo-Dada"
"Art for Corporations",1978-04-17,1978-07-04,"Robert Rauschenberg","American",78,1978,6,7692,7,"Neo-Dada"
"The Stage Show",1979-03-05,1979-05-29,"Robert Rauschenberg","American",85,1979,2,7692,7,"Neo-Dada"
"Printed Art: A View of Two Decades",1980-02-13,1980-04-01,"Robert Rauschenberg","American",48,1980,2,7692,7,"Neo-Dada"
"Recent Acquisitions: Drawings",1981-03-19,1981-06-02,"Robert Rauschenberg","American",75,1981,3,7692,7,"Neo-Dada"
"A Century of Modern Drawing, 1881–1981",1982-03-01,1982-03-16,"Robert Rauschenberg","American",15,1982,3,7692,7,"Neo-Dada"
"Big Pictures by Contemporary Photographers",1983-04-13,1983-06-28,"Robert Rauschenberg","American",76,1983,2,7692,7,"Neo-Dada"
"Selections from the Permanent Collection: Painting and Sculpture",1984-05-17,NA,"Robert Rauschenberg","American",NA,1984,4,7692,7,"Neo-Dada"
"Philip Johnson: Selected Gifts",1985-04-10,1985-10-27,"Robert Rauschenberg","American",200,1985,4,7692,7,"Neo-Dada"
"Contemporary Works from the Collection",1986-04-11,1986-10-09,"Robert Rauschenberg","American",181,1986,3,7692,7,"Neo-Dada"
"American Prints, 1960–1985",1987-05-22,1987-07-26,"Robert Rauschenberg","American",65,1987,4,7692,7,"Neo-Dada"
"Committed to Print",1988-01-31,1988-04-19,"Robert Rauschenberg","American",79,1988,4,7692,7,"Neo-Dada"
"Master Prints from the Collection",1989-04-06,1989-08-08,"Robert Rauschenberg","American",124,1989,3,7692,7,"Neo-Dada"
"Greetings!",1966-03-01,1966-05-08,"Roy Lichtenstein","American",68,1966,6,4887,43,"Pop Art"
"Members Collect",1967-03-27,1967-05-25,"Roy Lichtenstein","American",59,1967,3,4887,43,"Pop Art"
"The Sidney and Harriet Janis Collection",1968-01-17,1968-03-04,"Roy Lichtenstein","American",47,1968,2,4887,43,"Pop Art"
"Twentieth-Century Art from the Nelson Aldrich Rockefeller Collection",1969-05-28,1969-09-01,"Roy Lichtenstein","American",96,1969,1,4887,43,"Pop Art"
"Pop Art Prints, Drawings, and Multiples",1970-05-23,1970-08-31,"Roy Lichtenstein","American",100,1970,2,4887,43,"Pop Art"
"Recent American Acquisitions",1971-02-11,1971-03-11,"Roy Lichtenstein","American",28,1971,4,4887,43,"Pop Art"
"Etchings Etc.",1972-10-25,1973-02-05,"Roy Lichtenstein","American",103,1972,1,4887,43,"Pop Art"
"Prints of the Sixties",1973-03-22,1973-05-09,"Roy Lichtenstein","American",48,1973,3,4887,43,"Pop Art"
"Works from Change, Inc.",1974-09-25,1974-10-20,"Roy Lichtenstein","American",25,1974,1,4887,43,"Pop Art"
"Printsequence",1975-10-03,1976-01-18,"Roy Lichtenstein","American",107,1975,1,4887,43,"Pop Art"
"Drawing Now: 1955–1975",1976-01-23,1976-03-09,"Roy Lichtenstein","American",46,1976,3,4887,43,"Pop Art"
"Posters by Painters",1977-01-21,1977-03-23,"Roy Lichtenstein","American",61,1977,2,4887,43,"Pop Art"
"Art for Corporations",1978-04-17,1978-07-04,"Roy Lichtenstein","American",78,1978,3,4887,43,"Pop Art"
"Printed Art: A View of Two Decades",1980-02-13,1980-04-01,"Roy Lichtenstein","American",48,1980,3,4887,43,"Pop Art"
"Prints: Acquisitions 1977–1981",1981-10-15,1982-01-03,"Roy Lichtenstein","American",80,1981,1,4887,43,"Pop Art"
"Masterpieces from the Collection",1982-03-08,1983-03-01,"Roy Lichtenstein","American",358,1982,1,4887,43,"Pop Art"
"Prints from Blocks: Gauguin to Now",1983-03-03,1983-05-15,"Roy Lichtenstein","American",73,1983,1,4887,43,"Pop Art"
"Selections from the Permanent Collection: Painting and Sculpture",1984-05-17,NA,"Roy Lichtenstein","American",NA,1984,4,4887,43,"Pop Art"
"Philip Johnson: Selected Gifts",1985-04-10,1985-10-27,"Roy Lichtenstein","American",200,1985,4,4887,43,"Pop Art"
"Contemporary Works from the Collection",1986-04-11,1986-10-09,"Roy Lichtenstein","American",181,1986,2,4887,43,"Pop Art"
"The Drawings of Roy Lichtenstein",1987-03-15,1987-06-02,"Roy Lichtenstein","American",79,1987,3,4887,43,"Pop Art"
"In Honor of Toiny Castelli: Drawings from the Toiny and Leo Castelli Collection",1988-04-01,1988-05-15,"Roy Lichtenstein","American",44,1988,1,4887,43,"Pop Art"
"Master Prints from the Collection",1989-04-06,1989-08-08,"Roy Lichtenstein","American",124,1989,4,4887,43,"Pop Art"
